index,mean,sd,ci_3%,ci_97%,ess_bulk,ess_tail,model
alpha_g['acoustic'],-0.8082319028505003,0.0,-0.9367747666841808,-0.6725089326815983,0.0,0.0,bernoulli
"beta_g['acoustic','danceability']",0.2490531985235764,0.0921566154095259,0.0677200216863577,0.4243571789572082,0.0,0.0,bernoulli
"beta_g['acoustic','energy']",-0.2309455270164658,0.0511764349675064,-0.3283350388821596,-0.1343546253779803,0.0,0.0,bernoulli
"beta_g['acoustic','loudness']",0.0307235791458555,0.0776578049059193,-0.1196457466361998,0.1765808470583992,0.0,0.0,bernoulli
"beta_g['acoustic','speechiness']",-0.2421402064933527,0.1034444007428917,-0.4374170148445477,-0.0459268726775119,0.0,0.0,bernoulli
"beta_g['acoustic','acousticness']",0.1213876703417525,0.0504473034717687,0.0264628393496361,0.2181804874210483,0.0,0.0,bernoulli
"beta_g['acoustic','instrumentalness']",-0.3704007451537678,0.1070033075190354,-0.5756356944783508,-0.1763125605334395,0.0,0.0,bernoulli
"beta_g['acoustic','liveness']",-0.0756325982642601,0.0848177409066502,-0.2318724164168358,0.0826756048207814,0.0,0.0,bernoulli
"beta_g['acoustic','valence']",-0.2371421497880183,0.0751684279753382,-0.3774029079733197,-0.0953450734724278,0.0,0.0,bernoulli
"beta_g['acoustic','tempo']",0.0316528475856378,0.0399672561295238,-0.0428522139431566,0.1065108563364682,0.0,0.0,bernoulli
"beta_g['acoustic','explicit']",-0.3885769651547291,0.0982625892593428,-0.5741585275156063,-0.2044565267050723,0.0,0.0,bernoulli
alpha_g['afrobeat'],-3.3485992765994905,0.0,-3.657279321347743,-3.046430768126404,0.0,0.0,bernoulli
"beta_g['afrobeat','danceability']",0.184677511483825,0.1452306867208065,-0.0929458646961359,0.4550089891176427,0.0,0.0,bernoulli
"beta_g['afrobeat','energy']",-0.4389171234182627,0.1655814222218527,-0.7454446204008585,-0.1338041736976521,0.0,0.0,bernoulli
"beta_g['afrobeat','loudness']",0.140532348215756,0.2426884123836082,-0.3325382489295747,0.5915585104010438,0.0,0.0,bernoulli
"beta_g['afrobeat','speechiness']",-0.1048754970010088,0.1345915236637316,-0.3578145154843338,0.1528052076319034,0.0,0.0,bernoulli
"beta_g['afrobeat','acousticness']",-0.0154255901069701,0.1709119687899392,-0.3493716614107018,0.3099777999682719,0.0,0.0,bernoulli
"beta_g['afrobeat','instrumentalness']",0.2761234450365389,0.1176343915392826,0.0536458078793206,0.4992733413725606,0.0,0.0,bernoulli
"beta_g['afrobeat','liveness']",-0.0835074104806198,0.1058476676922077,-0.2831417271736327,0.1175131368922521,0.0,0.0,bernoulli
"beta_g['afrobeat','valence']",-0.2005472867484367,0.1302202762438538,-0.4543104394291959,0.0388039240813287,0.0,0.0,bernoulli
"beta_g['afrobeat','tempo']",0.0061714023489603,0.0449201653903348,-0.0767734355206216,0.0916533988249146,0.0,0.0,bernoulli
"beta_g['afrobeat','explicit']",0.1426237223167639,0.1768997338766588,-0.1975762819800772,0.4698782730544029,0.0,0.0,bernoulli
alpha_g['alt-rock'],-0.7251682981010188,0.0,-0.8475504205036347,-0.5961338115099514,0.0,0.0,bernoulli
"beta_g['alt-rock','danceability']",0.0967427349721626,0.0779104025456713,-0.0489395541878429,0.2453102023831753,0.0,0.0,bernoulli
"beta_g['alt-rock','energy']",-0.4874207234315387,0.0777896276184834,-0.6401870206943607,-0.3432021533681691,0.0,0.0,bernoulli
"beta_g['alt-rock','loudness']",0.5055527603085039,0.1078565565899228,0.2942991943476582,0.70757027619246,0.0,0.0,bernoulli
"beta_g['alt-rock','speechiness']",-0.0843618117847643,0.1033910475375058,-0.2713519679543568,0.1042429131727727,0.0,0.0,bernoulli
"beta_g['alt-rock','acousticness']",-0.3221849990917981,0.0823508448220103,-0.4778778208049811,-0.1660805555457253,0.0,0.0,bernoulli
"beta_g['alt-rock','instrumentalness']",-0.0674308029339196,0.1050568798186033,-0.2648080293575439,0.1300173790589942,0.0,0.0,bernoulli
"beta_g['alt-rock','liveness']",-0.0335068615907328,0.0631899345042394,-0.1554265586206009,0.0881415344398693,0.0,0.0,bernoulli
"beta_g['alt-rock','valence']",-0.4578895001896308,0.0743283027597322,-0.5967455142005433,-0.3220959365718847,0.0,0.0,bernoulli
"beta_g['alt-rock','tempo']",-0.0277044023665765,0.0404766463406492,-0.1093472763370878,0.0440530926614215,0.0,0.0,bernoulli
"beta_g['alt-rock','explicit']",0.2043061244244659,0.0695910108814204,0.076360911902984,0.333548719543708,0.0,0.0,bernoulli
alpha_g['alternative'],-1.1926719058049973,0.0,-1.401346667176986,-0.9842431160121626,0.0,0.0,bernoulli
"beta_g['alternative','danceability']",0.3049521124365665,0.1078725252855301,0.1075446049700708,0.5069381467674912,0.0,0.0,bernoulli
"beta_g['alternative','energy']",0.2482605839863123,0.1230606538432849,0.024136827760584,0.4835626870391529,0.0,0.0,bernoulli
"beta_g['alternative','loudness']",0.1455470929165739,0.1715134580061067,-0.1702208272191223,0.4771142092488282,0.0,0.0,bernoulli
"beta_g['alternative','speechiness']",-0.2538178716662022,0.1026816447588104,-0.4507845700014326,-0.0702482623549741,0.0,0.0,bernoulli
"beta_g['alternative','acousticness']",-0.3612992318348267,0.1321111970213362,-0.6083033695333494,-0.1094759888775468,0.0,0.0,bernoulli
"beta_g['alternative','instrumentalness']",-0.0022184771859373,0.1783263340740901,-0.3338134676052733,0.3369975995946954,0.0,0.0,bernoulli
"beta_g['alternative','liveness']",-0.0812545835022058,0.0931420132247182,-0.253147088961016,0.0924182476905526,0.0,0.0,bernoulli
"beta_g['alternative','valence']",-0.1497675680441991,0.11730836316076,-0.3680671609936402,0.0778874802449849,0.0,0.0,bernoulli
"beta_g['alternative','tempo']",0.0022090840853668,0.0407114665851681,-0.0781673412875542,0.0762783405963314,0.0,0.0,bernoulli
"beta_g['alternative','explicit']",-0.0093714680918995,0.053999398236021,-0.110178103222102,0.0921244866027049,0.0,0.0,bernoulli
alpha_g['ambient'],0.1712389678542428,0.0,0.0348131060015406,0.3099353380482699,0.0,0.0,bernoulli
"beta_g['ambient','danceability']",0.0832165632503501,0.042645420859584,0.0022718327516544,0.1639649621969597,0.0,0.0,bernoulli
"beta_g['ambient','energy']",0.0015462743376799,0.0369690154286832,-0.0672594705124001,0.0744900531613065,0.0,0.0,bernoulli
"beta_g['ambient','loudness']",-0.1011082140952475,0.0254928807055087,-0.1482871261824445,-0.0519788196599044,0.0,0.0,bernoulli
"beta_g['ambient','speechiness']",-0.1895187605630066,0.0956744430123379,-0.3665595005225441,-0.0060535343768753,0.0,0.0,bernoulli
"beta_g['ambient','acousticness']",0.0977011220269632,0.0400598386197694,0.0235177355285276,0.174405691794226,0.0,0.0,bernoulli
"beta_g['ambient','instrumentalness']",-0.1944664125699733,0.0358626017553019,-0.2614942534453641,-0.1274692998919421,0.0,0.0,bernoulli
"beta_g['ambient','liveness']",-0.1451449921416774,0.0809984613476152,-0.2992090430318055,0.0012954210048777,0.0,0.0,bernoulli
"beta_g['ambient','valence']",0.0592698342780569,0.0529244533072736,-0.0401139324413637,0.1601007534174784,0.0,0.0,bernoulli
"beta_g['ambient','tempo']",0.0338879184078008,0.0375692002218906,-0.0341240604036987,0.1082183453936763,0.0,0.0,bernoulli
"beta_g['ambient','explicit']",0.1691024130139492,0.1294752317182327,-0.0835708782438977,0.410133575311119,0.0,0.0,bernoulli
alpha_g['anime'],0.4186420037882296,0.0,0.2911107438947646,0.5420432428183075,0.0,0.0,bernoulli
"beta_g['anime','danceability']",-0.0689729660200365,0.069287380252207,-0.1977818868528806,0.0623538067619912,0.0,0.0,bernoulli
"beta_g['anime','energy']",-0.092837952263234,0.0630592823835913,-0.2085013682330607,0.0306351002060431,0.0,0.0,bernoulli
"beta_g['anime','loudness']",-0.1839710980575837,0.0518358537078655,-0.2810803246696139,-0.0876691755382054,0.0,0.0,bernoulli
"beta_g['anime','speechiness']",-0.1967558016133099,0.0626004322602314,-0.3144811960639292,-0.0798435037899503,0.0,0.0,bernoulli
"beta_g['anime','acousticness']",-0.333820318561009,0.0668032487668415,-0.4637030390483459,-0.2065743201755409,0.0,0.0,bernoulli
"beta_g['anime','instrumentalness']",-0.2900386128798305,0.0491285067662029,-0.3809965889188643,-0.200140706698622,0.0,0.0,bernoulli
"beta_g['anime','liveness']",-0.1310964495986106,0.0731503125419493,-0.2720847359118459,0.0069113236256259,0.0,0.0,bernoulli
"beta_g['anime','valence']",0.2127934354726694,0.0755387865487216,0.074795486239646,0.3558564995494448,0.0,0.0,bernoulli
"beta_g['anime','tempo']",0.0382658726919131,0.0402235540909044,-0.0362573252938778,0.1180049303841681,0.0,0.0,bernoulli
"beta_g['anime','explicit']",-0.0374654502225509,0.0687497669553372,-0.1677733004992541,0.0902966852382278,0.0,0.0,bernoulli
alpha_g['black-metal'],-3.618387992879484,0.0,-4.021165932328631,-3.217715019928902,0.0,0.0,bernoulli
"beta_g['black-metal','danceability']",0.3437621541824381,0.1221358521236165,0.1169208696762379,0.5693537235700036,0.0,0.0,bernoulli
"beta_g['black-metal','energy']",-0.0522611358639987,0.1516951845343053,-0.3350036193782152,0.2375665303329049,0.0,0.0,bernoulli
"beta_g['black-metal','loudness']",0.4530807908733075,0.2424261451571478,-0.0139783997350332,0.90227552030937,0.0,0.0,bernoulli
"beta_g['black-metal','speechiness']",-0.0688448637377794,0.1747425445857985,-0.4094736269800479,0.2572522905860837,0.0,0.0,bernoulli
"beta_g['black-metal','acousticness']",-0.0612469133280943,0.1814288277717738,-0.4053300825481,0.2708165053901732,0.0,0.0,bernoulli
"beta_g['black-metal','instrumentalness']",-0.2293992115393192,0.1673334902757565,-0.5443811361605712,0.0886623480321206,0.0,0.0,bernoulli
"beta_g['black-metal','liveness']",-0.2120970468666878,0.1099096281116656,-0.4253940737858287,-0.0025685682485772,0.0,0.0,bernoulli
"beta_g['black-metal','valence']",-0.2009057854487216,0.1435282190723161,-0.4751460030888998,0.0643134521783611,0.0,0.0,bernoulli
"beta_g['black-metal','tempo']",-0.0009917535184218,0.0453413993167184,-0.0842343059188833,0.0848854598348438,0.0,0.0,bernoulli
"beta_g['black-metal','explicit']",0.1631739369944725,0.1096300742636837,-0.0333791744859776,0.3739749118177465,0.0,0.0,bernoulli
alpha_g['bluegrass'],-3.6698249000526406,0.0,-3.9548549526866665,-3.378979786705982,0.0,0.0,bernoulli
"beta_g['bluegrass','danceability']",0.3191689720399591,0.194249906749928,-0.0485501677889817,0.6727374080984596,0.0,0.0,bernoulli
"beta_g['bluegrass','energy']",-0.3586630612324759,0.1303841460985504,-0.6039527032984305,-0.1067459658065397,0.0,0.0,bernoulli
"beta_g['bluegrass','loudness']",0.1122912755687569,0.1569102938237819,-0.183659392976678,0.3940777118714224,0.0,0.0,bernoulli
"beta_g['bluegrass','speechiness']",0.0330159838567984,0.1595801278104951,-0.2701542558159002,0.3329357651772955,0.0,0.0,bernoulli
"beta_g['bluegrass','acousticness']",0.2478325498497209,0.1290776809281373,0.0062907601875893,0.4963991630911156,0.0,0.0,bernoulli
"beta_g['bluegrass','instrumentalness']",-0.1923803995110339,0.1737531071469837,-0.5112062276373672,0.1529378056849937,0.0,0.0,bernoulli
"beta_g['bluegrass','liveness']",-0.1841617230532443,0.1134916660496529,-0.3979043592591322,0.0322829235565212,0.0,0.0,bernoulli
"beta_g['bluegrass','valence']",-0.5405622247910974,0.1504625076438461,-0.8317993226606452,-0.2570378552693991,0.0,0.0,bernoulli
"beta_g['bluegrass','tempo']",0.0161910374969435,0.0466119963664701,-0.0705822314068873,0.1038609474349592,0.0,0.0,bernoulli
"beta_g['bluegrass','explicit']",0.0692613609177357,0.1736416432109406,-0.2495134336610045,0.3915305680319145,0.0,0.0,bernoulli
alpha_g['blues'],-0.0873469433358031,0.0,-0.2231461225900469,0.0521220010451006,0.0,0.0,bernoulli
"beta_g['blues','danceability']",-0.3065877434434866,0.0778815632387082,-0.4534175715515193,-0.1654408273758479,0.0,0.0,bernoulli
"beta_g['blues','energy']",0.3402561038253107,0.0804135382123572,0.1904084760665604,0.4887755577771707,0.0,0.0,bernoulli
"beta_g['blues','loudness']",-0.3088742211951439,0.0975198152062242,-0.4904907969707022,-0.1227047083340365,0.0,0.0,bernoulli
"beta_g['blues','speechiness']",-0.0160293091943838,0.0884602647430347,-0.1794061648622843,0.1507297775920339,0.0,0.0,bernoulli
"beta_g['blues','acousticness']",-0.5198218658886303,0.0766529051756578,-0.6635392824140453,-0.3758930663351901,0.0,0.0,bernoulli
"beta_g['blues','instrumentalness']",0.5274534711838343,0.1290046445131091,0.290657786063197,0.7787816651299384,0.0,0.0,bernoulli
"beta_g['blues','liveness']",-0.1075201234767843,0.0767365512082596,-0.2508777715063506,0.0406134877062058,0.0,0.0,bernoulli
"beta_g['blues','valence']",-0.395618570023226,0.0739297823376127,-0.5354264034852748,-0.2587376571252358,0.0,0.0,bernoulli
"beta_g['blues','tempo']",-0.0045493828851373,0.0399653239427101,-0.0845722889932611,0.0687732272417126,0.0,0.0,bernoulli
"beta_g['blues','explicit']",0.2081597910586885,0.1236753893681927,-0.0189255515221001,0.4365087658846813,0.0,0.0,bernoulli
alpha_g['brazil'],-1.5436320922274274,0.0,-1.7141786160688754,-1.3823931003129322,0.0,0.0,bernoulli
"beta_g['brazil','danceability']",-0.0120222749058202,0.0865330543535155,-0.1727460343531224,0.1485408658605239,0.0,0.0,bernoulli
"beta_g['brazil','energy']",-0.2146058338511633,0.1007657219251872,-0.4058331837574084,-0.0244579039486481,0.0,0.0,bernoulli
"beta_g['brazil','loudness']",0.1294259995440444,0.1490801200627958,-0.1530784324793641,0.4084974965005108,0.0,0.0,bernoulli
"beta_g['brazil','speechiness']",0.0977889172070223,0.0574011211312374,-0.0106970525921194,0.2098397045666447,0.0,0.0,bernoulli
"beta_g['brazil','acousticness']",0.0186439674600842,0.1018133935257676,-0.1755706298327155,0.2075079990430655,0.0,0.0,bernoulli
"beta_g['brazil','instrumentalness']",0.2028826386957309,0.1401925227145243,-0.0614742091817971,0.4681960115389132,0.0,0.0,bernoulli
"beta_g['brazil','liveness']",-0.0415821634385641,0.0556830460028466,-0.1462505474238683,0.0635351725180382,0.0,0.0,bernoulli
"beta_g['brazil','valence']",-0.2099696831776112,0.08494873369761,-0.3635434577653832,-0.0468268288962356,0.0,0.0,bernoulli
"beta_g['brazil','tempo']",0.0137067760433843,0.044244842950462,-0.0743990534574217,0.0961337566286729,0.0,0.0,bernoulli
"beta_g['brazil','explicit']",0.0535132932595479,0.0690664152738496,-0.073167605347112,0.1836317055302931,0.0,0.0,bernoulli
alpha_g['breakbeat'],-3.3176754433659563,0.0,-3.6119452007042248,-3.003824314647952,0.0,0.0,bernoulli
"beta_g['breakbeat','danceability']",-0.1906613726262468,0.1585488498797024,-0.4835676073803742,0.1091692568625981,0.0,0.0,bernoulli
"beta_g['breakbeat','energy']",0.0680269329977272,0.1307932916346339,-0.1792135778521533,0.316277757310925,0.0,0.0,bernoulli
"beta_g['breakbeat','loudness']",0.3567291413682705,0.1899492914806121,0.0104187356242852,0.7312850322556825,0.0,0.0,bernoulli
"beta_g['breakbeat','speechiness']",-0.1961198281943076,0.1370420191955176,-0.4563594626999588,0.0664268928196807,0.0,0.0,bernoulli
"beta_g['breakbeat','acousticness']",-0.0085631920454032,0.1724739745559259,-0.3243204526224115,0.3254491783867511,0.0,0.0,bernoulli
"beta_g['breakbeat','instrumentalness']",0.048710535246894,0.1003481678853724,-0.1395251533277413,0.2332471934597662,0.0,0.0,bernoulli
"beta_g['breakbeat','liveness']",-0.1262454792383027,0.102086524123619,-0.317743362004181,0.0641915219327266,0.0,0.0,bernoulli
"beta_g['breakbeat','valence']",-0.2393515845117431,0.1413551105861357,-0.5140717898118583,0.0208336984788855,0.0,0.0,bernoulli
"beta_g['breakbeat','tempo']",0.0129502365713872,0.0445763586511179,-0.0729835679634888,0.0967377143820878,0.0,0.0,bernoulli
"beta_g['breakbeat','explicit']",0.2265277641050046,0.1297456588894289,-0.0211144672753077,0.4661273459588086,0.0,0.0,bernoulli
alpha_g['british'],0.3499840690668527,0.0,0.2103368665993039,0.4920824122427934,0.0,0.0,bernoulli
"beta_g['british','danceability']",-0.0565769927238911,0.0627177030309566,-0.1741468976912094,0.0593748627470134,0.0,0.0,bernoulli
"beta_g['british','energy']",-0.0429498005280574,0.0628875144733887,-0.1622484975938551,0.0701729008604691,0.0,0.0,bernoulli
"beta_g['british','loudness']",0.1313126621585386,0.0602590692886415,0.0177276058956086,0.2436314947312988,0.0,0.0,bernoulli
"beta_g['british','speechiness']",-0.2288320672456464,0.1005399278229322,-0.4199427749394064,-0.0441629623849825,0.0,0.0,bernoulli
"beta_g['british','acousticness']",0.0928492717121022,0.0659974665808797,-0.0259880011146133,0.2212354935674442,0.0,0.0,bernoulli
"beta_g['british','instrumentalness']",-0.5427469593567146,0.0644358750363311,-0.6628118931637709,-0.4218011143757279,0.0,0.0,bernoulli
"beta_g['british','liveness']",-0.1017402905085541,0.074229137184909,-0.2387193630525559,0.0364386683588338,0.0,0.0,bernoulli
"beta_g['british','valence']",0.1185429941301292,0.0618430826587509,0.0027587412658316,0.240020671605258,0.0,0.0,bernoulli
"beta_g['british','tempo']",0.0305312846703185,0.0390390285371222,-0.042463236593814,0.1056922910181355,0.0,0.0,bernoulli
"beta_g['british','explicit']",0.1488679966438204,0.0898850192377624,-0.0189215958187514,0.3264940746304698,0.0,0.0,bernoulli
alpha_g['cantopop'],-2.122838070559543,0.0,-2.2894545657402454,-1.9612478883113909,0.0,0.0,bernoulli
"beta_g['cantopop','danceability']",0.0656746201188316,0.1156839506256594,-0.1555486154341396,0.2792512859280263,0.0,0.0,bernoulli
"beta_g['cantopop','energy']",-0.1546555049841239,0.0799732308007774,-0.3095438156333325,-0.007425258437614,0.0,0.0,bernoulli
"beta_g['cantopop','loudness']",0.6650696931085028,0.1178389826955937,0.4401009498829696,0.8870039855136495,0.0,0.0,bernoulli
"beta_g['cantopop','speechiness']",-0.0184574971762079,0.1172505515414179,-0.2409303016773092,0.2029144842906655,0.0,0.0,bernoulli
"beta_g['cantopop','acousticness']",0.5059782751991496,0.0733101576981836,0.3663335952254432,0.6430930620309936,0.0,0.0,bernoulli
"beta_g['cantopop','instrumentalness']",-0.3276206507506156,0.1465190834206167,-0.6049688389755141,-0.0511861752611772,0.0,0.0,bernoulli
"beta_g['cantopop','liveness']",-0.1989482935648893,0.0908574939408833,-0.3770239958844587,-0.0295921884233314,0.0,0.0,bernoulli
"beta_g['cantopop','valence']",-0.2911091228205711,0.1005293878103333,-0.4840034174629479,-0.1021656296591526,0.0,0.0,bernoulli
"beta_g['cantopop','tempo']",0.0233390411920655,0.0414981600049533,-0.0522492077470647,0.1012738879374785,0.0,0.0,bernoulli
"beta_g['cantopop','explicit']",0.0509159448276886,0.1635858487422262,-0.2532440609666262,0.3512565310580188,0.0,0.0,bernoulli
alpha_g['chicago-house'],-4.365640428155001,0.0,-4.911576130569129,-3.787400429360573,0.0,0.0,bernoulli
"beta_g['chicago-house','danceability']",0.031985232075605,0.1766178549424098,-0.298408023804082,0.3623130240567866,0.0,0.0,bernoulli
"beta_g['chicago-house','energy']",-0.1228773193205791,0.2140959394545383,-0.5148379685300417,0.2952220956774722,0.0,0.0,bernoulli
"beta_g['chicago-house','loudness']",0.2385119770432734,0.3095382194688238,-0.3604759531307188,0.825584305671209,0.0,0.0,bernoulli
"beta_g['chicago-house','speechiness']",-0.1838150582068035,0.1803118055420112,-0.5198638924884048,0.1448569077425557,0.0,0.0,bernoulli
"beta_g['chicago-house','acousticness']",-0.0636807001666828,0.2284478884237892,-0.4851056165186287,0.3780199542861862,0.0,0.0,bernoulli
"beta_g['chicago-house','instrumentalness']",-0.3674667709358326,0.1906276453891769,-0.7318966385022913,-0.0098095036291051,0.0,0.0,bernoulli
"beta_g['chicago-house','liveness']",-0.1026250723043551,0.1201835133673255,-0.3317273865735213,0.1323540829370615,0.0,0.0,bernoulli
"beta_g['chicago-house','valence']",-0.328122901416959,0.1850326730420493,-0.6852564954094671,0.0103645355710231,0.0,0.0,bernoulli
"beta_g['chicago-house','tempo']",0.0158899203855477,0.0470616163951402,-0.0713534664125628,0.1060908885415717,0.0,0.0,bernoulli
"beta_g['chicago-house','explicit']",0.0772861007687724,0.1893045189176754,-0.287886347991194,0.4317111696558164,0.0,0.0,bernoulli
alpha_g['children'],0.0012840198346678,0.0,-1.4004688637256826,1.3827694491680331,0.0,0.0,bernoulli
"beta_g['children','danceability']",0.1318750302171859,0.2602012829909464,-0.3519350273140418,0.6183267948343936,0.0,0.0,bernoulli
"beta_g['children','energy']",-0.2360364015080423,0.2323801659322909,-0.6633296251566885,0.1816206350826353,0.0,0.0,bernoulli
"beta_g['children','loudness']",-0.0771248961102216,0.3512242090074364,-0.7417545648610929,0.5794101822998866,0.0,0.0,bernoulli
"beta_g['children','speechiness']",-0.0586009580446825,0.1696075985334275,-0.3833654787980788,0.257438928274361,0.0,0.0,bernoulli
"beta_g['children','acousticness']",0.0280086762201745,0.3146329016286174,-0.5591574789819798,0.6201298036483569,0.0,0.0,bernoulli
"beta_g['children','instrumentalness']",-0.0387138743833918,0.345980595157147,-0.7004306418322276,0.5889996277748589,0.0,0.0,bernoulli
"beta_g['children','liveness']",-0.1166068261190931,0.118011115326732,-0.3401566637195429,0.1108184584436869,0.0,0.0,bernoulli
"beta_g['children','valence']",-0.1555343095503276,0.1997364674748116,-0.5351282712104801,0.2223497334208253,0.0,0.0,bernoulli
"beta_g['children','tempo']",0.0183383975669544,0.0453625548605113,-0.0667973704001636,0.1039396078524398,0.0,0.0,bernoulli
"beta_g['children','explicit']",0.0514174186166134,0.2026691908116738,-0.335599940731899,0.4331364919179656,0.0,0.0,bernoulli
alpha_g['chill'],1.2494625317324362,0.0,1.1023218032155309,1.39635602937325,0.0,0.0,bernoulli
"beta_g['chill','danceability']",0.2243467025087359,0.0828990249761746,0.0718418198258891,0.3770324091305955,0.0,0.0,bernoulli
"beta_g['chill','energy']",-0.0482914839557212,0.0679023311849621,-0.1759112594415589,0.0790786471427746,0.0,0.0,bernoulli
"beta_g['chill','loudness']",-0.0084077457742192,0.0771586915394002,-0.1519972811847393,0.1374364985239874,0.0,0.0,bernoulli
"beta_g['chill','speechiness']",0.1239416053243074,0.0673873556293303,-0.0109192556029665,0.2488175792159113,0.0,0.0,bernoulli
"beta_g['chill','acousticness']",-0.042508253648721,0.0673930990322636,-0.1661053527201997,0.0856936882705023,0.0,0.0,bernoulli
"beta_g['chill','instrumentalness']",0.0787051327535212,0.0777092261164401,-0.073386931607101,0.2233595541962188,0.0,0.0,bernoulli
"beta_g['chill','liveness']",0.0434223836550822,0.0884415825966533,-0.1210822998869021,0.2102299074974048,0.0,0.0,bernoulli
"beta_g['chill','valence']",0.0550830200946239,0.0877042733485894,-0.1027745338770323,0.2293432720718075,0.0,0.0,bernoulli
"beta_g['chill','tempo']",0.0105944452112927,0.042597787467022,-0.0648013144339463,0.091742658917084,0.0,0.0,bernoulli
"beta_g['chill','explicit']",0.2687455291673289,0.0722025687956885,0.1312228528259562,0.4038042554379408,0.0,0.0,bernoulli
alpha_g['classical'],-1.8472530707898915,0.0,-2.137301549976593,-1.565356768243683,0.0,0.0,bernoulli
"beta_g['classical','danceability']",0.1911981552806769,0.0977329274794594,0.0101593279817683,0.3777024534573782,0.0,0.0,bernoulli
"beta_g['classical','energy']",0.1555384310217449,0.0771860392586459,0.0151669647538161,0.2990229613870105,0.0,0.0,bernoulli
"beta_g['classical','loudness']",-0.1046702971737808,0.0530665433429019,-0.202889728143254,-0.0055648631492568,0.0,0.0,bernoulli
"beta_g['classical','speechiness']",-0.0458490962648326,0.1539169086785925,-0.3495414543352004,0.2361757830419144,0.0,0.0,bernoulli
"beta_g['classical','acousticness']",-0.8535634523594965,0.0882107335351672,-1.0244942404629134,-0.6880299881239746,0.0,0.0,bernoulli
"beta_g['classical','instrumentalness']",0.1630571083581975,0.0798780226201181,0.0141573919254669,0.315315322509745,0.0,0.0,bernoulli
"beta_g['classical','liveness']",-0.16375978968166,0.115412641951477,-0.3837288736488052,0.0540197264139101,0.0,0.0,bernoulli
"beta_g['classical','valence']",-0.526169766363076,0.1211112367125672,-0.7573746096234918,-0.3054181592182365,0.0,0.0,bernoulli
"beta_g['classical','tempo']",0.0448622404078605,0.0472389020368575,-0.0403265055771003,0.1352715994000454,0.0,0.0,bernoulli
"beta_g['classical','explicit']",0.1111063708811388,0.1881803473852613,-0.2426883961663887,0.4487075516123641,0.0,0.0,bernoulli
alpha_g['club'],-2.0950711980691774,0.0,-2.271761254584673,-1.922743578603727,0.0,0.0,bernoulli
"beta_g['club','danceability']",0.1564950252293329,0.094331034035537,-0.0189148768770134,0.3350381046040432,0.0,0.0,bernoulli
"beta_g['club','energy']",-0.1136345703055209,0.1047689773117823,-0.3142023591096661,0.0837146564334243,0.0,0.0,bernoulli
"beta_g['club','loudness']",0.4786802910856581,0.1354750504269702,0.2201942813464141,0.7278158214145568,0.0,0.0,bernoulli
"beta_g['club','speechiness']",-0.2486333148889952,0.0863818476593305,-0.4134322566200321,-0.08980555708824,0.0,0.0,bernoulli
"beta_g['club','acousticness']",-0.0368477071571522,0.1013771645762094,-0.2263134061714665,0.1528807896005768,0.0,0.0,bernoulli
"beta_g['club','instrumentalness']",-0.1910320567343098,0.0717779386381071,-0.3247950927708113,-0.0549833847067253,0.0,0.0,bernoulli
"beta_g['club','liveness']",-0.1154767330902903,0.0917999824908584,-0.2888059952092427,0.0546779321181717,0.0,0.0,bernoulli
"beta_g['club','valence']",0.069209683306924,0.0877096624013427,-0.0920865550617103,0.2363824328400707,0.0,0.0,bernoulli
"beta_g['club','tempo']",0.0054136107287354,0.0452659411463079,-0.0814009429182028,0.0884788844433254,0.0,0.0,bernoulli
"beta_g['club','explicit']",0.0387526992696125,0.0889932117526161,-0.1391107805996868,0.1955054319727026,0.0,0.0,bernoulli
alpha_g['comedy'],-2.233377129643617,0.0,-4.974515581953648,0.4763635003256978,0.0,0.0,bernoulli
"beta_g['comedy','danceability']",0.1242670766203622,0.2578276467652278,-0.3774652159990879,0.6060479357471167,0.0,0.0,bernoulli
"beta_g['comedy','energy']",-0.1298395796294076,0.236844264775294,-0.5880278005632823,0.3048447953423137,0.0,0.0,bernoulli
"beta_g['comedy','loudness']",0.2821209037574618,0.3865706900321727,-0.4411281968538847,0.9950951604791862,0.0,0.0,bernoulli
"beta_g['comedy','speechiness']",-0.0742758084464193,0.1809675099766007,-0.4263018247708046,0.2585070168994431,0.0,0.0,bernoulli
"beta_g['comedy','acousticness']",-0.1385798272669982,0.30024020461911,-0.6941490226538459,0.424396949163254,0.0,0.0,bernoulli
"beta_g['comedy','instrumentalness']",-0.0123384035375798,0.3464513128395794,-0.6557522210682905,0.6451915188097456,0.0,0.0,bernoulli
"beta_g['comedy','liveness']",-0.1125178269120907,0.1221333517495866,-0.3385922310295737,0.117215655054239,0.0,0.0,bernoulli
"beta_g['comedy','valence']",-0.1363856506831734,0.2159489918577143,-0.5424057889289935,0.2757816800746707,0.0,0.0,bernoulli
"beta_g['comedy','tempo']",0.0164442147422057,0.0469559010578399,-0.0739152176596084,0.1052332928739773,0.0,0.0,bernoulli
"beta_g['comedy','explicit']",0.085116089873678,0.1880693890909339,-0.2677900689079703,0.4377708017356374,0.0,0.0,bernoulli
alpha_g['country'],-1.5771962505220842,0.0,-1.7500551075824513,-1.4069250700494058,0.0,0.0,bernoulli
"beta_g['country','danceability']",0.1159653688046511,0.1122254100839681,-0.0986757610563528,0.3261248232493131,0.0,0.0,bernoulli
"beta_g['country','energy']",-0.1206517721755721,0.0905656029010385,-0.2893826446565777,0.0547556824840055,0.0,0.0,bernoulli
"beta_g['country','loudness']",-0.5151430875052646,0.1284102090631699,-0.7597834762461724,-0.2835354470357328,0.0,0.0,bernoulli
"beta_g['country','speechiness']",-0.1905237428659589,0.11716311413321,-0.4135435197562617,0.0313191498606333,0.0,0.0,bernoulli
"beta_g['country','acousticness']",-0.1610877630081064,0.0968502503036505,-0.3374022319314896,0.0174160262772238,0.0,0.0,bernoulli
"beta_g['country','instrumentalness']",0.1405830212076491,0.1504867381244899,-0.1401381348543377,0.4195897414180357,0.0,0.0,bernoulli
"beta_g['country','liveness']",-0.192405644783934,0.093739514563493,-0.3750220607722449,-0.0155639039680436,0.0,0.0,bernoulli
"beta_g['country','valence']",0.0823960687564502,0.0867765035278789,-0.0780643438690375,0.2507220117782993,0.0,0.0,bernoulli
"beta_g['country','tempo']",0.0102767740051372,0.0417136242517588,-0.0673651658672313,0.0915476847871064,0.0,0.0,bernoulli
"beta_g['country','explicit']",-0.0081048281868742,0.1119638038288115,-0.2216828721120524,0.1988065877822708,0.0,0.0,bernoulli
alpha_g['dance'],-0.6148154153566009,0.0,-0.7578184724742336,-0.4717634332942808,0.0,0.0,bernoulli
"beta_g['dance','danceability']",-0.2186820989927176,0.0798219039507389,-0.3666908636196432,-0.0687051541993514,0.0,0.0,bernoulli
"beta_g['dance','energy']",-0.3679557548157747,0.1143877840030895,-0.5860058190036619,-0.153531453216054,0.0,0.0,bernoulli
"beta_g['dance','loudness']",0.307579550102483,0.0984951525970011,0.1236914849681317,0.4982565837126228,0.0,0.0,bernoulli
"beta_g['dance','speechiness']",-0.0845854736456695,0.0769562185731786,-0.2299961021424506,0.0633779137395311,0.0,0.0,bernoulli
"beta_g['dance','acousticness']",0.4020774838827641,0.101365873894593,0.2150258118415796,0.5949105705738331,0.0,0.0,bernoulli
"beta_g['dance','instrumentalness']",0.0020756753908581,0.1282464074523794,-0.239047411892677,0.2531852058589562,0.0,0.0,bernoulli
"beta_g['dance','liveness']",-0.1649557457612665,0.0816182187508162,-0.3205060294718675,-0.0107408170697263,0.0,0.0,bernoulli
"beta_g['dance','valence']",-0.0865867553627271,0.0798832226844984,-0.2399261936871719,0.059859483538305,0.0,0.0,bernoulli
"beta_g['dance','tempo']",0.0195715809577531,0.040510812184875,-0.0580797300817995,0.0983277180636524,0.0,0.0,bernoulli
"beta_g['dance','explicit']",0.0781822710959835,0.0514069989602703,-0.0216546186511007,0.1722256068820962,0.0,0.0,bernoulli
alpha_g['dancehall'],-0.5383471771517905,0.0,-0.6775403858771238,-0.3968559391466366,0.0,0.0,bernoulli
"beta_g['dancehall','danceability']",0.0725714346344915,0.0566627145581142,-0.0366547561475321,0.177343517147043,0.0,0.0,bernoulli
"beta_g['dancehall','energy']",-0.504025375621225,0.1174737128066301,-0.7228033332194328,-0.2869172933471543,0.0,0.0,bernoulli
"beta_g['dancehall','loudness']",0.3879752515060479,0.1079956724892156,0.188154869050866,0.5891061117166763,0.0,0.0,bernoulli
"beta_g['dancehall','speechiness']",-0.2306329748768213,0.0385879468773938,-0.3071764394485882,-0.1576568733743773,0.0,0.0,bernoulli
"beta_g['dancehall','acousticness']",-0.1039008970547752,0.1077328341221375,-0.3134747129050364,0.0993215995459355,0.0,0.0,bernoulli
"beta_g['dancehall','instrumentalness']",0.4826149447571962,0.1428985971793782,0.213914687125224,0.7475864483498387,0.0,0.0,bernoulli
"beta_g['dancehall','liveness']",-0.1632699930128605,0.0797205301946451,-0.3188282881745754,-0.0119012338931944,0.0,0.0,bernoulli
"beta_g['dancehall','valence']",0.1510378728814077,0.0733454711728185,0.0209776009545542,0.2906852740767502,0.0,0.0,bernoulli
"beta_g['dancehall','tempo']",0.0500201970852091,0.0411335643199413,-0.0237033745662812,0.1324213061195345,0.0,0.0,bernoulli
"beta_g['dancehall','explicit']",0.0955384847564616,0.0370046561366394,0.024574873462206,0.1668410227190505,0.0,0.0,bernoulli
alpha_g['death-metal'],-1.3595527001509329,0.0,-1.5094542126044972,-1.2069927233073297,0.0,0.0,bernoulli
"beta_g['death-metal','danceability']",0.1002407095948912,0.0636350674077088,-0.017934557529249,0.2178669147186239,0.0,0.0,bernoulli
"beta_g['death-metal','energy']",-0.0263222235080593,0.0674713296876225,-0.1529408533301614,0.0935433418036156,0.0,0.0,bernoulli
"beta_g['death-metal','loudness']",0.575320406691901,0.100570920280476,0.38390288429853,0.7683678983518047,0.0,0.0,bernoulli
"beta_g['death-metal','speechiness']",-0.1992106212366643,0.0909021539806919,-0.3682056426881743,-0.0262516589965509,0.0,0.0,bernoulli
"beta_g['death-metal','acousticness']",0.0158262071545849,0.0885422071234165,-0.1506257248534016,0.1768726149658348,0.0,0.0,bernoulli
"beta_g['death-metal','instrumentalness']",-0.1558565019271776,0.0765203787104774,-0.2982724689626619,-0.0106519878072845,0.0,0.0,bernoulli
"beta_g['death-metal','liveness']",-0.3467461612538237,0.077607506599415,-0.5015912140737492,-0.2101541557610307,0.0,0.0,bernoulli
"beta_g['death-metal','valence']",-0.1548359945082652,0.072341948714852,-0.294208637747769,-0.0186908473511655,0.0,0.0,bernoulli
"beta_g['death-metal','tempo']",0.0179917444809977,0.0415893506460315,-0.0594430060759506,0.0946221395826563,0.0,0.0,bernoulli
"beta_g['death-metal','explicit']",-0.10198118592684,0.0477993020850592,-0.190712068239546,-0.0115461704416047,0.0,0.0,bernoulli
alpha_g['deep-house'],0.7954297873211847,0.0,0.6647797508578871,0.9264612920735074,0.0,0.0,bernoulli
"beta_g['deep-house','danceability']",-0.2101912309583327,0.0641584282040217,-0.3324709278646212,-0.0931478267973242,0.0,0.0,bernoulli
"beta_g['deep-house','energy']",0.025847924997144,0.0864556587916302,-0.142822834004344,0.1877491100911998,0.0,0.0,bernoulli
"beta_g['deep-house','loudness']",0.1756732014970059,0.1216496861690263,-0.0471961442852597,0.4064678183670356,0.0,0.0,bernoulli
"beta_g['deep-house','speechiness']",-0.1118154493027267,0.0991947042094281,-0.2966951230282142,0.0754786754791924,0.0,0.0,bernoulli
"beta_g['deep-house','acousticness']",0.1637432447327354,0.0817607245541308,0.0100056042878877,0.3228856797110804,0.0,0.0,bernoulli
"beta_g['deep-house','instrumentalness']",-0.2672380352575687,0.063160241740869,-0.3846012474569497,-0.1510135106434352,0.0,0.0,bernoulli
"beta_g['deep-house','liveness']",0.0495448404883952,0.0779870806939677,-0.0956903836722053,0.2009422644962338,0.0,0.0,bernoulli
"beta_g['deep-house','valence']",-0.0588990828298862,0.0723832076786719,-0.1913167178531442,0.0722921566194166,0.0,0.0,bernoulli
"beta_g['deep-house','tempo']",0.0020963767126297,0.0449017975079626,-0.0839674595742711,0.08372092326956,0.0,0.0,bernoulli
"beta_g['deep-house','explicit']",0.1104246721508391,0.1037322726682985,-0.0841761541114137,0.3018934874841186,0.0,0.0,bernoulli
alpha_g['detroit-techno'],-4.44244527780769,0.0,-5.147797195422106,-3.762349288082061,0.0,0.0,bernoulli
"beta_g['detroit-techno','danceability']",-0.0409670557179763,0.2073128951478547,-0.4263099296841275,0.3429556263633542,0.0,0.0,bernoulli
"beta_g['detroit-techno','energy']",-0.0732819259138567,0.2079138007025889,-0.4714567794831969,0.3180599802204821,0.0,0.0,bernoulli
"beta_g['detroit-techno','loudness']",0.3081797847868145,0.303067846097781,-0.2680018749220438,0.8650281842184588,0.0,0.0,bernoulli
"beta_g['detroit-techno','speechiness']",-0.074345467429774,0.1753974224422245,-0.3923659042818579,0.265501378813579,0.0,0.0,bernoulli
"beta_g['detroit-techno','acousticness']",0.0410738032676307,0.2677556265134549,-0.4585326348536367,0.5582970570430302,0.0,0.0,bernoulli
"beta_g['detroit-techno','instrumentalness']",-0.5658754500663817,0.2056561386253676,-0.9372920741306676,-0.1951421267833283,0.0,0.0,bernoulli
"beta_g['detroit-techno','liveness']",-0.1396890653878226,0.1233866732182576,-0.3739711885276941,0.0843307726263327,0.0,0.0,bernoulli
"beta_g['detroit-techno','valence']",-0.0136517310223598,0.1877426218792145,-0.3820875429284105,0.3343362098997559,0.0,0.0,bernoulli
"beta_g['detroit-techno','tempo']",0.0156409419220255,0.049286907758524,-0.0762550851599574,0.1102390664689178,0.0,0.0,bernoulli
"beta_g['detroit-techno','explicit']",0.1049323931116024,0.2009790344681633,-0.2745838092624019,0.4878993652963199,0.0,0.0,bernoulli
alpha_g['disco'],-0.9690270903390806,0.0,-1.124168891281068,-0.8161494788423773,0.0,0.0,bernoulli
"beta_g['disco','danceability']",0.3525037093501774,0.0711709379577156,0.2190335969347872,0.4890771604755602,0.0,0.0,bernoulli
"beta_g['disco','energy']",-0.2677676783438505,0.0939776217118742,-0.44900072491056,-0.0943512549541901,0.0,0.0,bernoulli
"beta_g['disco','loudness']",-0.6348329867386359,0.1078427225974384,-0.8358377420660953,-0.431415017330635,0.0,0.0,bernoulli
"beta_g['disco','speechiness']",-0.316020798341977,0.1025409534103614,-0.5098790886489377,-0.1296086647415265,0.0,0.0,bernoulli
"beta_g['disco','acousticness']",-0.2605605301675894,0.0993708326096678,-0.4375295784068487,-0.0756577422845587,0.0,0.0,bernoulli
"beta_g['disco','instrumentalness']",0.1787787037743404,0.1048823184505055,-0.0137363649779447,0.3771388266163525,0.0,0.0,bernoulli
"beta_g['disco','liveness']",-0.0407491573678423,0.0675127932227743,-0.1628284176583027,0.0896496128126598,0.0,0.0,bernoulli
"beta_g['disco','valence']",-0.0953529009316331,0.0616846856979905,-0.2075349802297962,0.020828101566872,0.0,0.0,bernoulli
"beta_g['disco','tempo']",-0.0153039606249516,0.0441554874373549,-0.1050087125682308,0.0655232869096564,0.0,0.0,bernoulli
"beta_g['disco','explicit']",-0.0035363808788094,0.1469171649490389,-0.2831475748963183,0.2639078073361696,0.0,0.0,bernoulli
alpha_g['disney'],-2.0055053906051943,0.0,-2.20755087770137,-1.804165156752153,0.0,0.0,bernoulli
"beta_g['disney','danceability']",0.0057353114330599,0.0838309002924928,-0.1578162811659196,0.1675574218442931,0.0,0.0,bernoulli
"beta_g['disney','energy']",-0.0863038147830032,0.0736783967949138,-0.2233137695892094,0.0509871721295048,0.0,0.0,bernoulli
"beta_g['disney','loudness']",0.0514060423265231,0.0677310423188094,-0.0735867088366632,0.1788139680072583,0.0,0.0,bernoulli
"beta_g['disney','speechiness']",-0.1741964185004817,0.1045189189553129,-0.3702774026366775,0.0219526022965997,0.0,0.0,bernoulli
"beta_g['disney','acousticness']",-0.1776364581662601,0.0788908167952916,-0.3297423401431082,-0.0254187004520885,0.0,0.0,bernoulli
"beta_g['disney','instrumentalness']",-0.4741460927574982,0.0963066838389419,-0.6546152178164047,-0.2888649622908332,0.0,0.0,bernoulli
"beta_g['disney','liveness']",-0.0386638652076316,0.0985674828968048,-0.2247252509918832,0.1462398242411422,0.0,0.0,bernoulli
"beta_g['disney','valence']",-0.0135416018058961,0.0876108454454112,-0.1799667055227811,0.1491175748806504,0.0,0.0,bernoulli
"beta_g['disney','tempo']",-0.0091534247360441,0.0405350913072475,-0.0865509667224881,0.0629150581924811,0.0,0.0,bernoulli
"beta_g['disney','explicit']",0.068342682111218,0.1794293000684901,-0.2724852167099366,0.3946130679213754,0.0,0.0,bernoulli
alpha_g['drum-and-bass'],-1.928831071300144,0.0,-2.101560734953828,-1.7550508700853236,0.0,0.0,bernoulli
"beta_g['drum-and-bass','danceability']",-0.0832739464195396,0.1217579714649487,-0.3094917062615056,0.14706466970917,0.0,0.0,bernoulli
"beta_g['drum-and-bass','energy']",-0.1689994284797913,0.0877235490342335,-0.3322118053692512,-0.0006469118460786,0.0,0.0,bernoulli
"beta_g['drum-and-bass','loudness']",0.8785428897146556,0.0885800114909206,0.7131172538518191,1.042717594433775,0.0,0.0,bernoulli
"beta_g['drum-and-bass','speechiness']",-0.3996852585207683,0.1022717890868051,-0.6009530316993328,-0.2116699929310691,0.0,0.0,bernoulli
"beta_g['drum-and-bass','acousticness']",0.3484389245909654,0.0989646851975477,0.1670115162052719,0.534531612035504,0.0,0.0,bernoulli
"beta_g['drum-and-bass','instrumentalness']",-0.6658528999370187,0.0936736572840273,-0.8442870446254526,-0.4873408413426237,0.0,0.0,bernoulli
"beta_g['drum-and-bass','liveness']",-0.0566199063671316,0.0814133331928173,-0.2015871963246787,0.1004922028081124,0.0,0.0,bernoulli
"beta_g['drum-and-bass','valence']",-0.2707544597374354,0.081351280710521,-0.422471297075589,-0.1148601124618523,0.0,0.0,bernoulli
"beta_g['drum-and-bass','tempo']",0.0312141539463237,0.0389045659934507,-0.0420209327634487,0.1035300346944043,0.0,0.0,bernoulli
"beta_g['drum-and-bass','explicit']",0.2108643767402476,0.1086457117104315,0.0086243372724916,0.4108299685973419,0.0,0.0,bernoulli
alpha_g['dub'],-1.479166159141084,0.0,-1.6261152272873125,-1.3277892496196253,0.0,0.0,bernoulli
"beta_g['dub','danceability']",0.0139462057497814,0.0759442679177221,-0.1273630625350647,0.1587598075968771,0.0,0.0,bernoulli
"beta_g['dub','energy']",-0.1851651800530962,0.0872873901366714,-0.3534126094590691,-0.0278762565847412,0.0,0.0,bernoulli
"beta_g['dub','loudness']",0.7869856994509272,0.0938001300319547,0.6096135113032711,0.9593392585596188,0.0,0.0,bernoulli
"beta_g['dub','speechiness']",-0.057762326013148,0.0607169430096967,-0.1783989320851866,0.0517797933943995,0.0,0.0,bernoulli
"beta_g['dub','acousticness']",-0.3936267781654546,0.1019087508882036,-0.5762749273571613,-0.2009229103592377,0.0,0.0,bernoulli
"beta_g['dub','instrumentalness']",-0.1680960282892414,0.1067703199860017,-0.3643547404800742,0.0345581088230114,0.0,0.0,bernoulli
"beta_g['dub','liveness']",-0.0478328054909691,0.0702709978012018,-0.1743887449445456,0.0897127115407787,0.0,0.0,bernoulli
"beta_g['dub','valence']",-0.1948541037041646,0.0651164534298094,-0.3193471374592872,-0.0724669271624471,0.0,0.0,bernoulli
"beta_g['dub','tempo']",0.0197335569343774,0.0401986801693894,-0.0588678893859202,0.0947357451168379,0.0,0.0,bernoulli
"beta_g['dub','explicit']",0.0042594474026214,0.0725232453701602,-0.1296104064423497,0.1480522699756723,0.0,0.0,bernoulli
alpha_g['dubstep'],-3.1064942468526757,0.0,-3.547737767895506,-2.6826002069357724,0.0,0.0,bernoulli
"beta_g['dubstep','danceability']",0.1856248984512286,0.1909406633985703,-0.1932349276495014,0.5472100585395413,0.0,0.0,bernoulli
"beta_g['dubstep','energy']",-0.2610510400018305,0.2003693950957091,-0.6342630882055917,0.1220911553168225,0.0,0.0,bernoulli
"beta_g['dubstep','loudness']",0.3481717822829073,0.2027964994633399,-0.0514213392194656,0.7250246267481217,0.0,0.0,bernoulli
"beta_g['dubstep','speechiness']",0.0281600390751123,0.1159164767031433,-0.1870030898552199,0.2460780567571401,0.0,0.0,bernoulli
"beta_g['dubstep','acousticness']",-0.3249397447249544,0.2018397007744937,-0.7215498578337857,0.0493487020463537,0.0,0.0,bernoulli
"beta_g['dubstep','instrumentalness']",0.0922127458159731,0.200511135264554,-0.2800685824792258,0.4671214589631735,0.0,0.0,bernoulli
"beta_g['dubstep','liveness']",-0.0930594649501981,0.110940711504578,-0.3069349081712478,0.1147543112483807,0.0,0.0,bernoulli
"beta_g['dubstep','valence']",-0.0773895677287258,0.1534646834550241,-0.3583077000887216,0.2174231582409179,0.0,0.0,bernoulli
"beta_g['dubstep','tempo']",0.0095979710024399,0.0458325511301123,-0.0768826684660402,0.0959748111826359,0.0,0.0,bernoulli
"beta_g['dubstep','explicit']",0.162221491024526,0.1332271421908026,-0.0955855955916681,0.4165595541788607,0.0,0.0,bernoulli
alpha_g['edm'],0.5317939619272245,0.0,0.4050536039753197,0.6588159825503291,0.0,0.0,bernoulli
"beta_g['edm','danceability']",-0.267455789731557,0.0876687350607543,-0.432925840357964,-0.1035151784722626,0.0,0.0,bernoulli
"beta_g['edm','energy']",-0.5229086442047003,0.1079183852544153,-0.7331773406492887,-0.3192471360658243,0.0,0.0,bernoulli
"beta_g['edm','loudness']",0.6381628669952328,0.1044829078842585,0.4428241496785358,0.838670650169815,0.0,0.0,bernoulli
"beta_g['edm','speechiness']",0.0675824261483062,0.1001884656929441,-0.1180968412432879,0.2556958458758587,0.0,0.0,bernoulli
"beta_g['edm','acousticness']",0.3587617229702429,0.1026550899377471,0.1727509090992809,0.5532785738433664,0.0,0.0,bernoulli
"beta_g['edm','instrumentalness']",0.0424440334289477,0.1120696686224106,-0.1648680822149077,0.2528843501754207,0.0,0.0,bernoulli
"beta_g['edm','liveness']",-0.0589052459368303,0.0767230968305038,-0.1955568288164796,0.0873343879367806,0.0,0.0,bernoulli
"beta_g['edm','valence']",-0.2309760322639719,0.092629599916616,-0.4016046508660315,-0.0542377169792608,0.0,0.0,bernoulli
"beta_g['edm','tempo']",0.0113116782075927,0.0415477443070936,-0.0660599187325665,0.0885232522109604,0.0,0.0,bernoulli
"beta_g['edm','explicit']",0.0776787766591213,0.0743735622766634,-0.0621510009692695,0.219521532087348,0.0,0.0,bernoulli
alpha_g['electro'],-0.2715516200943142,0.0,-0.4313595236038398,-0.1134155606575599,0.0,0.0,bernoulli
"beta_g['electro','danceability']",0.1342332322619891,0.0875246012943005,-0.0247240013548639,0.2943366836887626,0.0,0.0,bernoulli
"beta_g['electro','energy']",-0.4147851052123896,0.1068629737676494,-0.6166842089118895,-0.2147871807455428,0.0,0.0,bernoulli
"beta_g['electro','loudness']",0.2646976718098394,0.1407901627330793,-0.000101831174298,0.5372361314498115,0.0,0.0,bernoulli
"beta_g['electro','speechiness']",-0.1597935385090501,0.0793775867879394,-0.3084168108413714,-0.0123783547740152,0.0,0.0,bernoulli
"beta_g['electro','acousticness']",0.0138093827671346,0.0941190351526752,-0.1616416452640837,0.1903260190178816,0.0,0.0,bernoulli
"beta_g['electro','instrumentalness']",0.0035667480988617,0.1272765566266648,-0.2348473040988673,0.2459646756185269,0.0,0.0,bernoulli
"beta_g['electro','liveness']",-0.096877230740524,0.0876168075709602,-0.2579103930126376,0.0761050601588948,0.0,0.0,bernoulli
"beta_g['electro','valence']",-0.1895523606136621,0.0971012034962835,-0.3720765774904918,-0.0127781320888685,0.0,0.0,bernoulli
"beta_g['electro','tempo']",0.0412373418752915,0.0425058504565427,-0.0366508417241453,0.1255459483676257,0.0,0.0,bernoulli
"beta_g['electro','explicit']",0.3034629335995814,0.0642948799901364,0.1837663410570882,0.4264256937082677,0.0,0.0,bernoulli
alpha_g['electronic'],-0.6470713639839865,0.0,-0.7823633181804956,-0.5154359089380036,0.0,0.0,bernoulli
"beta_g['electronic','danceability']",0.2611228892809394,0.0724838718110443,0.1266697802074311,0.3950835056091544,0.0,0.0,bernoulli
"beta_g['electronic','energy']",-0.0030477696592915,0.0949414126562001,-0.1879239855390409,0.1751151907964221,0.0,0.0,bernoulli
"beta_g['electronic','loudness']",0.3090778837007787,0.1053624719187851,0.1167092620183937,0.5100029394678081,0.0,0.0,bernoulli
"beta_g['electronic','speechiness']",-0.0121472546426735,0.0739306641994013,-0.1544146125500306,0.1276262552268227,0.0,0.0,bernoulli
"beta_g['electronic','acousticness']",-0.1364855299800933,0.0878241369446332,-0.3021959213587985,0.0293321943173663,0.0,0.0,bernoulli
"beta_g['electronic','instrumentalness']",0.2030349062724186,0.0634425934437927,0.0794219190571345,0.3219672283873092,0.0,0.0,bernoulli
"beta_g['electronic','liveness']",-0.1634407886241356,0.0725254024996295,-0.3018531301709668,-0.0291474258224984,0.0,0.0,bernoulli
"beta_g['electronic','valence']",-0.4302654100536449,0.0743509621573261,-0.5666100047759229,-0.289880850591328,0.0,0.0,bernoulli
"beta_g['electronic','tempo']",0.0238685018112897,0.0446095911096728,-0.0618494036768048,0.1098744269012943,0.0,0.0,bernoulli
"beta_g['electronic','explicit']",0.2012020721069865,0.0583954280355916,0.0954637951445581,0.3127648393980277,0.0,0.0,bernoulli
alpha_g['emo'],-0.1359643508643448,0.0,-0.2782301607659047,0.0087773821801975,0.0,0.0,bernoulli
"beta_g['emo','danceability']",0.102882065480435,0.0743973339725261,-0.0371371922210435,0.2433050165553134,0.0,0.0,bernoulli
"beta_g['emo','energy']",-0.5597612391868276,0.0858290735345895,-0.7208113393749971,-0.3997923958662187,0.0,0.0,bernoulli
"beta_g['emo','loudness']",0.3301070590786282,0.093780394022513,0.1545102147101029,0.5058284156831494,0.0,0.0,bernoulli
"beta_g['emo','speechiness']",-0.0668754051388956,0.0488523908067501,-0.1584666869525671,0.020646968443572,0.0,0.0,bernoulli
"beta_g['emo','acousticness']",0.0205058418491011,0.0783519616019975,-0.1316089740836554,0.1604204623053403,0.0,0.0,bernoulli
"beta_g['emo','instrumentalness']",0.1856977899239691,0.1045946274932848,-0.0106338468174838,0.3803272100670907,0.0,0.0,bernoulli
"beta_g['emo','liveness']",-0.1351746878862045,0.0758136579613257,-0.2774745995431913,0.0103750753234222,0.0,0.0,bernoulli
"beta_g['emo','valence']",-0.1642725250503635,0.081568171429379,-0.3197523476563597,-0.0106160446545151,0.0,0.0,bernoulli
"beta_g['emo','tempo']",0.0395170208736627,0.0400702697114344,-0.0328477774223386,0.1224610560910009,0.0,0.0,bernoulli
"beta_g['emo','explicit']",0.287624517740497,0.035220798908074,0.2235284897773809,0.3550251320361698,0.0,0.0,bernoulli
alpha_g['folk'],-0.7421338716321798,0.0,-0.895100887004974,-0.5923620233083235,0.0,0.0,bernoulli
"beta_g['folk','danceability']",0.127280726213069,0.0939972095007156,-0.0507314548480488,0.3014158233083106,0.0,0.0,bernoulli
"beta_g['folk','energy']",-0.1508023582127867,0.086011281666788,-0.3130664125393635,0.0057381659866465,0.0,0.0,bernoulli
"beta_g['folk','loudness']",-0.0554070178501632,0.0960416391989875,-0.2263890484658173,0.128381674296543,0.0,0.0,bernoulli
"beta_g['folk','speechiness']",-0.1359004381029159,0.1017358874213263,-0.3396820379750043,0.0544082331355196,0.0,0.0,bernoulli
"beta_g['folk','acousticness']",-0.0626578818815951,0.0729688375474895,-0.204952154054869,0.0696129360021715,0.0,0.0,bernoulli
"beta_g['folk','instrumentalness']",0.4617933799395149,0.1271752478348302,0.2129381216331696,0.6900179867933587,0.0,0.0,bernoulli
"beta_g['folk','liveness']",-0.2115476809980284,0.0881598896041887,-0.3790306635979357,-0.052209095219338,0.0,0.0,bernoulli
"beta_g['folk','valence']",-0.3093990509496227,0.0838626620028709,-0.4654774629137726,-0.1507639170423,0.0,0.0,bernoulli
"beta_g['folk','tempo']",-0.0157954049178352,0.0419883179060906,-0.0960205552820526,0.0635075361449061,0.0,0.0,bernoulli
"beta_g['folk','explicit']",0.0650789890110805,0.1370179845680583,-0.1899560517676806,0.3240273886544821,0.0,0.0,bernoulli
alpha_g['forro'],-2.5828887139928884,0.0,-2.8125609222424077,-2.358411229514148,0.0,0.0,bernoulli
"beta_g['forro','danceability']",-0.2523347850804636,0.131058628739323,-0.5048155089397832,-0.0023354601970953,0.0,0.0,bernoulli
"beta_g['forro','energy']",-0.0121808976711686,0.1370331307843281,-0.2846814896659659,0.245357556090368,0.0,0.0,bernoulli
"beta_g['forro','loudness']",0.2949269531504425,0.1453698697485536,0.0272727659863495,0.5838452770668711,0.0,0.0,bernoulli
"beta_g['forro','speechiness']",-0.1801506068652916,0.1410584272870566,-0.4567926396585661,0.0723265627939416,0.0,0.0,bernoulli
"beta_g['forro','acousticness']",0.044877886081496,0.1508437182307728,-0.239669525938678,0.3221732153004684,0.0,0.0,bernoulli
"beta_g['forro','instrumentalness']",-0.0329819084938382,0.207599452526699,-0.4291597730594811,0.352472350820016,0.0,0.0,bernoulli
"beta_g['forro','liveness']",-0.0232215961011522,0.0703614521014143,-0.152814738792741,0.1102134171157718,0.0,0.0,bernoulli
"beta_g['forro','valence']",-0.0138063744098817,0.0906064826545059,-0.182816761267792,0.1603833972445826,0.0,0.0,bernoulli
"beta_g['forro','tempo']",0.0154667292224026,0.0427722688978034,-0.0703819167386699,0.0962309499574334,0.0,0.0,bernoulli
"beta_g['forro','explicit']",0.106864460870574,0.1262862082971959,-0.1360038659437947,0.3393043798010219,0.0,0.0,bernoulli
alpha_g['french'],-0.4492069303638159,0.0,-0.5956258213195489,-0.2993934445128721,0.0,0.0,bernoulli
"beta_g['french','danceability']",0.5947840314269258,0.0672243622476508,0.4619014369047436,0.7158124566743576,0.0,0.0,bernoulli
"beta_g['french','energy']",0.1328929932995999,0.0936591959671331,-0.0447515678597126,0.3111045886197729,0.0,0.0,bernoulli
"beta_g['french','loudness']",0.0063597317557419,0.0829773576803614,-0.1474726699277223,0.169360222086746,0.0,0.0,bernoulli
"beta_g['french','speechiness']",-0.3388068540045945,0.0607796025846337,-0.457759597032059,-0.2288558261059476,0.0,0.0,bernoulli
"beta_g['french','acousticness']",-0.1970685119552811,0.0842038909786537,-0.3582481473033595,-0.0518325988053877,0.0,0.0,bernoulli
"beta_g['french','instrumentalness']",0.5071308540182373,0.0943330927457271,0.3327717736471641,0.697338868878558,0.0,0.0,bernoulli
"beta_g['french','liveness']",-0.0840663065211769,0.0819557721000765,-0.2388727656479506,0.0682794017805017,0.0,0.0,bernoulli
"beta_g['french','valence']",-0.6188882490422221,0.0791680743292075,-0.7719731693450038,-0.4695103011285279,0.0,0.0,bernoulli
"beta_g['french','tempo']",0.0135659444182019,0.0435174208493294,-0.0676110833280955,0.0983355579171203,0.0,0.0,bernoulli
"beta_g['french','explicit']",-0.3478744431641355,0.0611739729732522,-0.4639281610940984,-0.2335978270800306,0.0,0.0,bernoulli
alpha_g['funk'],-1.5719829188233585,0.0,-1.7221677141867464,-1.4147294570053537,0.0,0.0,bernoulli
"beta_g['funk','danceability']",0.0191437349656424,0.0759667986809808,-0.1218797255793106,0.1649895841085107,0.0,0.0,bernoulli
"beta_g['funk','energy']",0.1407719118932909,0.1386676813789436,-0.1196234007944571,0.4022450289834583,0.0,0.0,bernoulli
"beta_g['funk','loudness']",0.1424953194013546,0.1247537879702526,-0.0853636947655787,0.3839067507515917,0.0,0.0,bernoulli
"beta_g['funk','speechiness']",0.0718798231078322,0.0400324562646392,-0.0027699956826565,0.1499496846651232,0.0,0.0,bernoulli
"beta_g['funk','acousticness']",-0.2920051262072875,0.1269310401286054,-0.5327294916398255,-0.0496349789770657,0.0,0.0,bernoulli
"beta_g['funk','instrumentalness']",0.065006797735792,0.1629586282268817,-0.2360228533884369,0.3727918569843507,0.0,0.0,bernoulli
"beta_g['funk','liveness']",-0.0272351822686561,0.0827175876098687,-0.1838040585691188,0.131961818842235,0.0,0.0,bernoulli
"beta_g['funk','valence']",-0.0148464372588408,0.0937440289084412,-0.1909742739376781,0.1676416528115638,0.0,0.0,bernoulli
"beta_g['funk','tempo']",-0.0076662663004776,0.0445434657510436,-0.0895242570754667,0.0790667685450649,0.0,0.0,bernoulli
"beta_g['funk','explicit']",0.1765203281926113,0.0376039915640175,0.1054146258107635,0.2480788368928643,0.0,0.0,bernoulli
alpha_g['garage'],0.0431531838627591,0.0,-0.0944658431994683,0.1871239684336574,0.0,0.0,bernoulli
"beta_g['garage','danceability']",0.4524147021983296,0.0796970938983113,0.3027821994270405,0.6071949536095721,0.0,0.0,bernoulli
"beta_g['garage','energy']",-0.3957161815612467,0.0840533555876718,-0.5553651354588776,-0.2436762392176893,0.0,0.0,bernoulli
"beta_g['garage','loudness']",-0.3343023109010644,0.0988618659296199,-0.5201820112959626,-0.1476168548187534,0.0,0.0,bernoulli
"beta_g['garage','speechiness']",-0.2840054450477045,0.0783503687939828,-0.4324902728353914,-0.1399835129147754,0.0,0.0,bernoulli
"beta_g['garage','acousticness']",-0.0920056598066702,0.0764188638390442,-0.2313978839635856,0.0543590856483434,0.0,0.0,bernoulli
"beta_g['garage','instrumentalness']",0.2039052794047177,0.068793756915446,0.0759345357314455,0.3341321917014803,0.0,0.0,bernoulli
"beta_g['garage','liveness']",-0.107884808244867,0.0796394241761977,-0.2595398475060658,0.0417617592994619,0.0,0.0,bernoulli
"beta_g['garage','valence']",0.0311087768996702,0.0844812319343007,-0.1301484085601686,0.1889962473645641,0.0,0.0,bernoulli
"beta_g['garage','tempo']",-0.0089035024014748,0.0421026879128713,-0.094058279523448,0.0664630201575762,0.0,0.0,bernoulli
"beta_g['garage','explicit']",-0.2384043040513518,0.0758041829624763,-0.3794541556870759,-0.1005828622811129,0.0,0.0,bernoulli
alpha_g['german'],-1.583730840279942,0.0,-1.785252399900417,-1.3876301329657728,0.0,0.0,bernoulli
"beta_g['german','danceability']",0.0920241562008822,0.0673843032622899,-0.0375558812027901,0.2212749810037556,0.0,0.0,bernoulli
"beta_g['german','energy']",-0.0782441124089634,0.082913519792784,-0.2405523585329529,0.0740956567835017,0.0,0.0,bernoulli
"beta_g['german','loudness']",-0.0304277450390003,0.0567512385140282,-0.1401765862545497,0.0776512236836953,0.0,0.0,bernoulli
"beta_g['german','speechiness']",-0.2863152408373099,0.0842317552375055,-0.4444061418978032,-0.1344070161599551,0.0,0.0,bernoulli
"beta_g['german','acousticness']",-0.2210242634265082,0.1013658426064736,-0.414694206204431,-0.0321528548944644,0.0,0.0,bernoulli
"beta_g['german','instrumentalness']",0.2681770090692875,0.0637191741007732,0.1495005731900236,0.3873064744895796,0.0,0.0,bernoulli
"beta_g['german','liveness']",-0.1650562684738114,0.0830186822672799,-0.3158579686491058,-0.0092813077848011,0.0,0.0,bernoulli
"beta_g['german','valence']",-0.1944346814724514,0.079475565197198,-0.3417701408633475,-0.0475519583068089,0.0,0.0,bernoulli
"beta_g['german','tempo']",0.0071135740170401,0.0415303832036833,-0.0707628679388368,0.0828865982037161,0.0,0.0,bernoulli
"beta_g['german','explicit']",-0.1579317420408174,0.087366408976685,-0.3218231788545611,0.0035521938805417,0.0,0.0,bernoulli
alpha_g['gospel'],-6.589280142760808,0.0,-7.956756608185486,-5.27870575023462,0.0,0.0,bernoulli
"beta_g['gospel','danceability']",0.1445378477291707,0.2465510128737465,-0.2993436174825288,0.6176890057563936,0.0,0.0,bernoulli
"beta_g['gospel','energy']",-0.1084223298103379,0.2144950721581884,-0.5013769508420188,0.3136958884922413,0.0,0.0,bernoulli
"beta_g['gospel','loudness']",0.1825925277390554,0.3800350905664384,-0.5389575782997692,0.9035492666785055,0.0,0.0,bernoulli
"beta_g['gospel','speechiness']",-0.0443577169224619,0.1824351414422178,-0.385801875111395,0.2952242548967383,0.0,0.0,bernoulli
"beta_g['gospel','acousticness']",-0.164804480672575,0.3160571208186112,-0.7650273265092997,0.4157758129664075,0.0,0.0,bernoulli
"beta_g['gospel','instrumentalness']",0.0557412137468192,0.3275074777697196,-0.583429069932731,0.6664563892941451,0.0,0.0,bernoulli
"beta_g['gospel','liveness']",-0.1168333524959747,0.1248686925613185,-0.3458866201346278,0.1206615249667138,0.0,0.0,bernoulli
"beta_g['gospel','valence']",-0.0875832530449562,0.2171188329259725,-0.4887221843395102,0.3254488606445229,0.0,0.0,bernoulli
"beta_g['gospel','tempo']",0.0166996574495525,0.0503501918693151,-0.0779839301339989,0.1156411281708883,0.0,0.0,bernoulli
"beta_g['gospel','explicit']",0.0971715570540459,0.1928244618316406,-0.2729005393767373,0.4623401344089274,0.0,0.0,bernoulli
alpha_g['goth'],-2.759416617954175,0.0,-2.970009378049121,-2.55918226629056,0.0,0.0,bernoulli
"beta_g['goth','danceability']",0.1003622520780282,0.0979396812978034,-0.0803213693450793,0.2853714926310438,0.0,0.0,bernoulli
"beta_g['goth','energy']",0.1900261348330406,0.1225313251068227,-0.0409148424690758,0.4264523762044361,0.0,0.0,bernoulli
"beta_g['goth','loudness']",0.1912520462759999,0.1631093382208067,-0.1153705747490631,0.5086209552343001,0.0,0.0,bernoulli
"beta_g['goth','speechiness']",-0.2504973539097922,0.1288815131986969,-0.5003735600063004,-0.0178414121844978,0.0,0.0,bernoulli
"beta_g['goth','acousticness']",-0.6129477207523482,0.1125701465281019,-0.8334298658506173,-0.4057993919907966,0.0,0.0,bernoulli
"beta_g['goth','instrumentalness']",-0.2774990701175051,0.146736055870545,-0.5575606613056023,-0.0018915140140623,0.0,0.0,bernoulli
"beta_g['goth','liveness']",-0.1886946969330293,0.0926065720303338,-0.3677683562215211,-0.0180879698970072,0.0,0.0,bernoulli
"beta_g['goth','valence']",-0.4077776029010952,0.1056562822678624,-0.6062124361249531,-0.2049345116951606,0.0,0.0,bernoulli
"beta_g['goth','tempo']",0.0248450111500836,0.0481330579927539,-0.0680284146190527,0.1142688425371192,0.0,0.0,bernoulli
"beta_g['goth','explicit']",-0.04268992917858,0.1174535347034008,-0.258707112771351,0.1865307410668183,0.0,0.0,bernoulli
alpha_g['grindcore'],-6.322743996381854,0.0,-7.667452706719882,-5.010034441338874,0.0,0.0,bernoulli
"beta_g['grindcore','danceability']",0.2490046252914347,0.221969979857572,-0.1821362855130118,0.6516100394035811,0.0,0.0,bernoulli
"beta_g['grindcore','energy']",-0.2199179881602988,0.2319792955381642,-0.6628032490232921,0.2326400985287918,0.0,0.0,bernoulli
"beta_g['grindcore','loudness']",0.1360863937563324,0.3878238839350875,-0.5724125772843555,0.867410129454752,0.0,0.0,bernoulli
"beta_g['grindcore','speechiness']",-0.116079020212643,0.1771618810260189,-0.4427769442850537,0.2136283094787966,0.0,0.0,bernoulli
"beta_g['grindcore','acousticness']",0.028184861927036,0.2986743372904378,-0.5376639679914044,0.5994476989744197,0.0,0.0,bernoulli
"beta_g['grindcore','instrumentalness']",-0.2080155523456098,0.2642049088659928,-0.7082930954489383,0.293763506554995,0.0,0.0,bernoulli
"beta_g['grindcore','liveness']",-0.112993838686292,0.1274253471924415,-0.3506994912317226,0.1326706894313262,0.0,0.0,bernoulli
"beta_g['grindcore','valence']",-0.0589126501354482,0.2026190307491455,-0.432653707537982,0.3164508008544923,0.0,0.0,bernoulli
"beta_g['grindcore','tempo']",0.0174791597872035,0.0446349709267197,-0.0652671050383748,0.1029828147393564,0.0,0.0,bernoulli
"beta_g['grindcore','explicit']",0.0779577128478366,0.1781073461158969,-0.2454319807580729,0.4131305702693651,0.0,0.0,bernoulli
alpha_g['groove'],-2.104253786015338,0.0,-2.2884048927098792,-1.919088686246616,0.0,0.0,bernoulli
"beta_g['groove','danceability']",0.1032752979872216,0.1006010951013852,-0.0834344468744886,0.297904548128606,0.0,0.0,bernoulli
"beta_g['groove','energy']",0.5538720582507142,0.1151582346407497,0.3320552823946913,0.7742146630326616,0.0,0.0,bernoulli
"beta_g['groove','loudness']",0.3225692185679953,0.1459778409889683,0.0528993931494762,0.595410115766181,0.0,0.0,bernoulli
"beta_g['groove','speechiness']",0.0181966582053421,0.1114193889012357,-0.1914062265536761,0.2211263229213806,0.0,0.0,bernoulli
"beta_g['groove','acousticness']",-0.683069707435483,0.1207898601972923,-0.9118860484017586,-0.4568127662442612,0.0,0.0,bernoulli
"beta_g['groove','instrumentalness']",-0.1264097724386228,0.1136846189918844,-0.3450251394808206,0.0804417033890207,0.0,0.0,bernoulli
"beta_g['groove','liveness']",-0.2635311796264458,0.0803529799023012,-0.4130375453329793,-0.1105515669864375,0.0,0.0,bernoulli
"beta_g['groove','valence']",-0.1797216672894775,0.1066289288683965,-0.3820702117094116,0.0199907823558978,0.0,0.0,bernoulli
"beta_g['groove','tempo']",0.0015601901393707,0.0459382865463549,-0.0839565086596923,0.0878435720184677,0.0,0.0,bernoulli
"beta_g['groove','explicit']",0.3690205568015721,0.0670102800065166,0.2369796145994526,0.4979374711760153,0.0,0.0,bernoulli
alpha_g['grunge'],0.979744029594932,0.0,0.8344661117159253,1.118754123970479,0.0,0.0,bernoulli
"beta_g['grunge','danceability']",-0.2009109478359573,0.076786176680263,-0.3469704155095105,-0.058713271230977,0.0,0.0,bernoulli
"beta_g['grunge','energy']",-0.3068936289450515,0.0841218766947637,-0.4693658332222368,-0.1452072499270848,0.0,0.0,bernoulli
"beta_g['grunge','loudness']",0.189435893813524,0.1012649004913979,-0.0113151219054677,0.3803861189860826,0.0,0.0,bernoulli
"beta_g['grunge','speechiness']",0.008813139094397,0.0974936287536213,-0.1702532599486761,0.1968462583931622,0.0,0.0,bernoulli
"beta_g['grunge','acousticness']",0.2029405300351089,0.0845781293535963,0.0474619710213278,0.365517065308226,0.0,0.0,bernoulli
"beta_g['grunge','instrumentalness']",0.0890763800566602,0.1144760502494276,-0.1320535111810052,0.2998584074856568,0.0,0.0,bernoulli
"beta_g['grunge','liveness']",-0.2729514973342926,0.0594394128190441,-0.3879056210604551,-0.162081902460537,0.0,0.0,bernoulli
"beta_g['grunge','valence']",-0.0068510385112142,0.0936475746057342,-0.1874302101234016,0.1682857809215832,0.0,0.0,bernoulli
"beta_g['grunge','tempo']",0.0114229394790119,0.0416611965655657,-0.0668359163107715,0.0885449447574316,0.0,0.0,bernoulli
"beta_g['grunge','explicit']",0.0085972363461959,0.0736167435706614,-0.1274097743646879,0.1509508704088516,0.0,0.0,bernoulli
alpha_g['guitar'],-3.2140221985652744,0.0,-3.4633371567393723,-2.965425888103145,0.0,0.0,bernoulli
"beta_g['guitar','danceability']",0.1173503062391435,0.1301399291441449,-0.1305556858039019,0.3626274092248428,0.0,0.0,bernoulli
"beta_g['guitar','energy']",-0.111459825908014,0.0767799238980311,-0.2566336895481034,0.0297787105547845,0.0,0.0,bernoulli
"beta_g['guitar','loudness']",0.0243301101825143,0.0782990982193396,-0.1211341921058216,0.1697485396587089,0.0,0.0,bernoulli
"beta_g['guitar','speechiness']",0.0777873714595409,0.1523863627972376,-0.2193368624361414,0.3535695436981635,0.0,0.0,bernoulli
"beta_g['guitar','acousticness']",-0.1775724058418644,0.0811662652805865,-0.3331372982412358,-0.0243667581414666,0.0,0.0,bernoulli
"beta_g['guitar','instrumentalness']",0.3901805300813639,0.0672945883556728,0.2633694630280403,0.5174403122960327,0.0,0.0,bernoulli
"beta_g['guitar','liveness']",-0.134368287632034,0.1117312742193357,-0.3500504409286049,0.0754910712755977,0.0,0.0,bernoulli
"beta_g['guitar','valence']",-0.1566866486743775,0.1148138882252263,-0.3791396113544355,0.0481759133343722,0.0,0.0,bernoulli
"beta_g['guitar','tempo']",0.0394304343952219,0.0429945966703076,-0.0410176544626526,0.1251276484655823,0.0,0.0,bernoulli
"beta_g['guitar','explicit']",0.0959754230065629,0.1753150409946544,-0.2429570820999545,0.4347402150081187,0.0,0.0,bernoulli
alpha_g['happy'],-3.158196352181197,0.0,-3.4338087792824523,-2.8777338620772754,0.0,0.0,bernoulli
"beta_g['happy','danceability']",-0.2395661494627611,0.1671515798107082,-0.5600403274285559,0.067196975665184,0.0,0.0,bernoulli
"beta_g['happy','energy']",-0.160778710947983,0.1075281890758837,-0.3645720711631904,0.0359892045909381,0.0,0.0,bernoulli
"beta_g['happy','loudness']",0.7340593096913901,0.1544113290463409,0.4390946154740444,1.0323988563702096,0.0,0.0,bernoulli
"beta_g['happy','speechiness']",-0.1120992851427106,0.0937288461533065,-0.2901312803329077,0.0629842887885132,0.0,0.0,bernoulli
"beta_g['happy','acousticness']",-0.1076763491107812,0.150299745671943,-0.3818081887974622,0.1696023518285049,0.0,0.0,bernoulli
"beta_g['happy','instrumentalness']",-0.5642542756099201,0.1779326620381479,-0.9107951184052476,-0.2301452293131008,0.0,0.0,bernoulli
"beta_g['happy','liveness']",-0.1518532545189065,0.0907032359112674,-0.3199002131255515,0.0155970245281042,0.0,0.0,bernoulli
"beta_g['happy','valence']",-0.0536761313803337,0.1132554434392321,-0.2605040216245614,0.1667245463491743,0.0,0.0,bernoulli
"beta_g['happy','tempo']",0.0100584605447963,0.0467078510776274,-0.0778780527075012,0.0972600667511951,0.0,0.0,bernoulli
"beta_g['happy','explicit']",-0.1161750722637638,0.1032934009851967,-0.3152518071170117,0.0683193427395465,0.0,0.0,bernoulli
alpha_g['hard-rock'],0.0012531397926935,0.0,-0.1462294484986153,0.1490589092743315,0.0,0.0,bernoulli
"beta_g['hard-rock','danceability']",-0.1552735573520065,0.0867102755576347,-0.3217595016612077,0.0065873419865689,0.0,0.0,bernoulli
"beta_g['hard-rock','energy']",-0.3899800800356639,0.0848512370956151,-0.5501662696735776,-0.2308527976544063,0.0,0.0,bernoulli
"beta_g['hard-rock','loudness']",-0.0918526652376313,0.1205056746715339,-0.3085211296033641,0.1382789433658716,0.0,0.0,bernoulli
"beta_g['hard-rock','speechiness']",-0.2808128819176627,0.1002712782476774,-0.4678028534875801,-0.0970541756618277,0.0,0.0,bernoulli
"beta_g['hard-rock','acousticness']",-0.2818897887610566,0.1006313583552856,-0.4750637526230581,-0.0956789559491234,0.0,0.0,bernoulli
"beta_g['hard-rock','instrumentalness']",0.5785655195461215,0.1331038377204303,0.3318159326233291,0.821427663782283,0.0,0.0,bernoulli
"beta_g['hard-rock','liveness']",-0.3298271118062433,0.0719162387783315,-0.4691756318297307,-0.1973285561855606,0.0,0.0,bernoulli
"beta_g['hard-rock','valence']",-0.386376205560257,0.0846479705658662,-0.5457096242022647,-0.2240586578185406,0.0,0.0,bernoulli
"beta_g['hard-rock','tempo']",-0.0122939369592392,0.042182001714029,-0.0953273597351255,0.0641245664412337,0.0,0.0,bernoulli
"beta_g['hard-rock','explicit']",0.2607817527253543,0.1007599361975505,0.0693467662743368,0.4399864738648163,0.0,0.0,bernoulli
alpha_g['hardcore'],-1.4801981708787766,0.0,-1.6660698911423304,-1.2961432500584693,0.0,0.0,bernoulli
"beta_g['hardcore','danceability']",0.6686011201144259,0.0819399711041605,0.5163694994562457,0.823814036102644,0.0,0.0,bernoulli
"beta_g['hardcore','energy']",-0.3776576354136521,0.1104235152828132,-0.5888716912430173,-0.174028299488739,0.0,0.0,bernoulli
"beta_g['hardcore','loudness']",0.5713259462213465,0.1235077741832789,0.342737475383523,0.7998820335563992,0.0,0.0,bernoulli
"beta_g['hardcore','speechiness']",0.2868214363983999,0.0505012937850567,0.192923251380335,0.3863421289689694,0.0,0.0,bernoulli
"beta_g['hardcore','acousticness']",0.2498997712075107,0.1183042183936722,0.0297399951020052,0.4753665331265733,0.0,0.0,bernoulli
"beta_g['hardcore','instrumentalness']",0.2660108225561652,0.1421906831921016,-0.0027215894105089,0.5360313831615485,0.0,0.0,bernoulli
"beta_g['hardcore','liveness']",-0.0363988696068153,0.0781427356795727,-0.1788312330972736,0.1154012196049036,0.0,0.0,bernoulli
"beta_g['hardcore','valence']",-0.1681328268726404,0.0958964117834773,-0.3483323553821965,0.0093879904169399,0.0,0.0,bernoulli
"beta_g['hardcore','tempo']",-0.004853982220732,0.04251499071678,-0.0866923796837845,0.0718870659706282,0.0,0.0,bernoulli
"beta_g['hardcore','explicit']",0.2931426363993127,0.0426826197391375,0.2161960849276044,0.3757239358083192,0.0,0.0,bernoulli
alpha_g['hardstyle'],-2.324698274291898,0.0,-2.509945357568192,-2.1398001478760027,0.0,0.0,bernoulli
"beta_g['hardstyle','danceability']",-0.6991171265175488,0.1142030932404395,-0.9136116966817984,-0.4878709061457369,0.0,0.0,bernoulli
"beta_g['hardstyle','energy']",-0.3140744891253618,0.0821988294194105,-0.4702551747228212,-0.1598273570235845,0.0,0.0,bernoulli
"beta_g['hardstyle','loudness']",0.5497150358686077,0.1039115173578798,0.3562986144783236,0.7377271508554315,0.0,0.0,bernoulli
"beta_g['hardstyle','speechiness']",-0.2103184142608123,0.0759951891086644,-0.3493892982477027,-0.0670177991782275,0.0,0.0,bernoulli
"beta_g['hardstyle','acousticness']",-0.1837166313323382,0.1109330437846885,-0.3866529000850284,0.0282965156328546,0.0,0.0,bernoulli
"beta_g['hardstyle','instrumentalness']",-0.2782124895094391,0.1296392472811506,-0.5299600294900882,-0.0423811993478939,0.0,0.0,bernoulli
"beta_g['hardstyle','liveness']",-0.21810111931222,0.0785398779699314,-0.376356817764242,-0.0712747851060533,0.0,0.0,bernoulli
"beta_g['hardstyle','valence']",-0.2684603651246828,0.0877315606098254,-0.4319252653307426,-0.0993948458058099,0.0,0.0,bernoulli
"beta_g['hardstyle','tempo']",0.0105628089305724,0.0433173276513909,-0.0684339903272911,0.0943908466206001,0.0,0.0,bernoulli
"beta_g['hardstyle','explicit']",-0.0821193163741012,0.0980195207190637,-0.2640208818956166,0.105498349255532,0.0,0.0,bernoulli
alpha_g['heavy-metal'],-3.096783004369389,0.0,-3.420147669606634,-2.7869459299066928,0.0,0.0,bernoulli
"beta_g['heavy-metal','danceability']",0.3686919685791657,0.1654764861104949,0.0610266807577112,0.6852797974688862,0.0,0.0,bernoulli
"beta_g['heavy-metal','energy']",0.0900616434247282,0.1308116590277221,-0.1595225894686129,0.3271283169346524,0.0,0.0,bernoulli
"beta_g['heavy-metal','loudness']",-0.0876392105151058,0.1934340752213898,-0.4529537466603324,0.2827191340155494,0.0,0.0,bernoulli
"beta_g['heavy-metal','speechiness']",-0.1465860125791012,0.1473431581799954,-0.4109610574956164,0.1300688835008154,0.0,0.0,bernoulli
"beta_g['heavy-metal','acousticness']",-0.2132981269020484,0.1527099979175419,-0.5116564510876638,0.0786053788635011,0.0,0.0,bernoulli
"beta_g['heavy-metal','instrumentalness']",-0.016402240470184,0.176174531656624,-0.3450630112510235,0.3166229040625433,0.0,0.0,bernoulli
"beta_g['heavy-metal','liveness']",-0.2222744520696176,0.0975218320208111,-0.4068068398974712,-0.0468734346175413,0.0,0.0,bernoulli
"beta_g['heavy-metal','valence']",0.024409892295059,0.1528567832476393,-0.2584064295241562,0.3188033824320506,0.0,0.0,bernoulli
"beta_g['heavy-metal','tempo']",0.0215691529612574,0.0479032220635487,-0.0679056153086758,0.109744736489022,0.0,0.0,bernoulli
"beta_g['heavy-metal','explicit']",0.0941545467013843,0.1154136558647656,-0.1211398452356235,0.3026618759426684,0.0,0.0,bernoulli
alpha_g['hip-hop'],2.1137449721302546,0.0,1.9545064483505052,2.2777394952576904,0.0,0.0,bernoulli
"beta_g['hip-hop','danceability']",-0.4024232267610095,0.0665742820753887,-0.5342578120051306,-0.2838674829817886,0.0,0.0,bernoulli
"beta_g['hip-hop','energy']",0.1536091970448884,0.1189656060486744,-0.0681622043259228,0.3738491744997315,0.0,0.0,bernoulli
"beta_g['hip-hop','loudness']",-0.4456229892667421,0.1229310681861351,-0.6711622575135069,-0.2196857045093062,0.0,0.0,bernoulli
"beta_g['hip-hop','speechiness']",0.2158027623052506,0.0616416119081012,0.1012521954041217,0.3323469503632246,0.0,0.0,bernoulli
"beta_g['hip-hop','acousticness']",0.7742060481298172,0.1061444132986328,0.575664459014501,0.9693778275900852,0.0,0.0,bernoulli
"beta_g['hip-hop','instrumentalness']",0.1832394291120882,0.138697757748998,-0.0727688024644507,0.4458745897516278,0.0,0.0,bernoulli
"beta_g['hip-hop','liveness']",-0.0184521309729511,0.0800994408937405,-0.1670908394264843,0.1398458561014231,0.0,0.0,bernoulli
"beta_g['hip-hop','valence']",-0.261967458797589,0.0832218345370246,-0.4182959490848048,-0.1022263677736835,0.0,0.0,bernoulli
"beta_g['hip-hop','tempo']",-0.004134782731447,0.0446585608664523,-0.0935285398361274,0.0775880749751551,0.0,0.0,bernoulli
"beta_g['hip-hop','explicit']",-0.5540831107005213,0.04705382325419,-0.6450450806494165,-0.467187280417979,0.0,0.0,bernoulli
alpha_g['honky-tonk'],-3.6839756176900607,0.0,-4.075720987567043,-3.284539440828401,0.0,0.0,bernoulli
"beta_g['honky-tonk','danceability']",-0.0888863685699022,0.2006555995707956,-0.4854733082559103,0.2715172217725778,0.0,0.0,bernoulli
"beta_g['honky-tonk','energy']",-0.1585511963732793,0.1404358784742616,-0.4240464528174446,0.104251115638229,0.0,0.0,bernoulli
"beta_g['honky-tonk','loudness']",0.0549987177223308,0.1822786601535838,-0.2817790340361765,0.3898639671684982,0.0,0.0,bernoulli
"beta_g['honky-tonk','speechiness']",-0.0153297513599742,0.1607423978273068,-0.3101287332812831,0.2877141154597858,0.0,0.0,bernoulli
"beta_g['honky-tonk','acousticness']",-0.2600317090557534,0.140468926005063,-0.5203999534422808,0.0121819905909486,0.0,0.0,bernoulli
"beta_g['honky-tonk','instrumentalness']",-0.2661386209799229,0.2382533258110162,-0.7201882665794127,0.1951193865429444,0.0,0.0,bernoulli
"beta_g['honky-tonk','liveness']",-0.1851644870739338,0.1156646920467962,-0.4094935822278832,0.0389160304706755,0.0,0.0,bernoulli
"beta_g['honky-tonk','valence']",-0.0706716202339051,0.1576424980963668,-0.3763577811851024,0.2259062159205843,0.0,0.0,bernoulli
"beta_g['honky-tonk','tempo']",0.0388811876626691,0.0477625717765263,-0.0486003675276248,0.1283071488654669,0.0,0.0,bernoulli
"beta_g['honky-tonk','explicit']",0.1053748641648996,0.1813910660485654,-0.2399345419828361,0.4471780126973971,0.0,0.0,bernoulli
alpha_g['house'],-0.4040667284504917,0.0,-0.6800247084600776,-0.1252436847828386,0.0,0.0,bernoulli
"beta_g['house','danceability']",0.1959164023154638,0.1434562124892729,-0.078609877141804,0.4755648005096273,0.0,0.0,bernoulli
"beta_g['house','energy']",-0.2859019176840072,0.1693707154098306,-0.6079704935711624,0.0271287611181585,0.0,0.0,bernoulli
"beta_g['house','loudness']",0.0289285184753428,0.2073106706990986,-0.3486542004601402,0.4282638243413951,0.0,0.0,bernoulli
"beta_g['house','speechiness']",0.0527760493218067,0.1341880795130927,-0.1977294702368882,0.3059935393882051,0.0,0.0,bernoulli
"beta_g['house','acousticness']",-0.3248918732856681,0.1714042754467034,-0.6475965937940491,-0.0032023954308907,0.0,0.0,bernoulli
"beta_g['house','instrumentalness']",0.0154570878985998,0.2001745778853787,-0.3713594609801643,0.4008395894648706,0.0,0.0,bernoulli
"beta_g['house','liveness']",-0.0654407040948822,0.1082156160209594,-0.2676494066620156,0.1381088552465204,0.0,0.0,bernoulli
"beta_g['house','valence']",-0.4851064405331016,0.1297562072674489,-0.7276209062734578,-0.2332854735749935,0.0,0.0,bernoulli
"beta_g['house','tempo']",0.0275289562799606,0.0445518114024107,-0.0532319442808993,0.1128894482672459,0.0,0.0,bernoulli
"beta_g['house','explicit']",0.3970333030856595,0.1161302276542415,0.172830081711592,0.6241485192591092,0.0,0.0,bernoulli
alpha_g['idm'],-6.540541815524039,0.0,-8.02402997677051,-5.062751440315357,0.0,0.0,bernoulli
"beta_g['idm','danceability']",0.126768585340816,0.2464143461867383,-0.3435265571039688,0.5936762567736099,0.0,0.0,bernoulli
"beta_g['idm','energy']",-0.1102101291364827,0.2083283208396421,-0.5127758680153481,0.280626435748944,0.0,0.0,bernoulli
"beta_g['idm','loudness']",0.37395145736841,0.3518052115456274,-0.2821429886438616,1.0547865102947709,0.0,0.0,bernoulli
"beta_g['idm','speechiness']",-0.0927355594322776,0.1808334628018557,-0.4252416427512213,0.2438729986227988,0.0,0.0,bernoulli
"beta_g['idm','acousticness']",-0.1302476647516846,0.3084964158854537,-0.7230999658504828,0.4484701549526173,0.0,0.0,bernoulli
"beta_g['idm','instrumentalness']",-0.2550981157616745,0.2797865914116207,-0.7693532422844603,0.2830482104297894,0.0,0.0,bernoulli
"beta_g['idm','liveness']",-0.1042486291464832,0.1212052815752017,-0.3321876349271633,0.1254577408643584,0.0,0.0,bernoulli
"beta_g['idm','valence']",-0.1148780379236308,0.2105919337426094,-0.5249523383593595,0.2793347256494493,0.0,0.0,bernoulli
"beta_g['idm','tempo']",0.0164244211225834,0.0467329917092353,-0.0695301912420729,0.1051801348693709,0.0,0.0,bernoulli
"beta_g['idm','explicit']",0.1046158406731065,0.2085275093221044,-0.2972550225361174,0.4945213639131365,0.0,0.0,bernoulli
alpha_g['indian'],-0.0069154769795563,0.0,-0.1543614222986308,0.1434410217795675,0.0,0.0,bernoulli
"beta_g['indian','danceability']",-0.1078359050101352,0.0847417973889257,-0.2703067890467204,0.0496777090070413,0.0,0.0,bernoulli
"beta_g['indian','energy']",0.115838772318647,0.0760410024464933,-0.0179892830989533,0.2609416662524364,0.0,0.0,bernoulli
"beta_g['indian','loudness']",0.3128634603585463,0.0918454184192918,0.1400671566015631,0.485960085443952,0.0,0.0,bernoulli
"beta_g['indian','speechiness']",-0.1821106224524525,0.0876741871025153,-0.3415455194045656,-0.016387166309772,0.0,0.0,bernoulli
"beta_g['indian','acousticness']",0.2443524222392963,0.0760379513497004,0.1083324645844135,0.3927438526122519,0.0,0.0,bernoulli
"beta_g['indian','instrumentalness']",-0.3170624309290766,0.1375585666355941,-0.5688989870522312,-0.0601570176612264,0.0,0.0,bernoulli
"beta_g['indian','liveness']",0.0107469634467164,0.0817032589386721,-0.1379346226882385,0.1663775324508276,0.0,0.0,bernoulli
"beta_g['indian','valence']",0.2443862926991205,0.0866742276596366,0.0805034640576243,0.4092015030496315,0.0,0.0,bernoulli
"beta_g['indian','tempo']",0.0256850930380292,0.0418560991667822,-0.0508326765111235,0.1031593194101539,0.0,0.0,bernoulli
"beta_g['indian','explicit']",0.0642558505749881,0.1098902167386568,-0.1379067410829086,0.2744880375990995,0.0,0.0,bernoulli
alpha_g['indie'],-0.0391053621974229,0.0,-0.2286038630556701,0.1430553901690393,0.0,0.0,bernoulli
"beta_g['indie','danceability']",0.1176795233698369,0.1047300405493802,-0.0955404435377544,0.3096734411730492,0.0,0.0,bernoulli
"beta_g['indie','energy']",-0.0207584839827325,0.112515118613213,-0.2296079427841406,0.1876902925717274,0.0,0.0,bernoulli
"beta_g['indie','loudness']",-0.1414179826454225,0.1372963131442948,-0.4060736151058081,0.1124763843020688,0.0,0.0,bernoulli
"beta_g['indie','speechiness']",0.1758218538289501,0.1148386376650222,-0.0378267191051605,0.3962945575726808,0.0,0.0,bernoulli
"beta_g['indie','acousticness']",0.0609260800916485,0.1037706948617311,-0.1298237036172604,0.2552528693041535,0.0,0.0,bernoulli
"beta_g['indie','instrumentalness']",0.1999068096970617,0.1525071495375598,-0.0824398537919219,0.4855584533561391,0.0,0.0,bernoulli
"beta_g['indie','liveness']",0.1212883798463095,0.0955640965528846,-0.049554899389105,0.3089157011077488,0.0,0.0,bernoulli
"beta_g['indie','valence']",-0.1836732858028904,0.1078924723458176,-0.3741863117403676,0.0201341135837517,0.0,0.0,bernoulli
"beta_g['indie','tempo']",0.0176195638280218,0.0405298376713752,-0.0594443526324976,0.0969290883341098,0.0,0.0,bernoulli
"beta_g['indie','explicit']",0.1082348490899132,0.0876012518098464,-0.056086884461286,0.2776310035547092,0.0,0.0,bernoulli
alpha_g['indie-pop'],-0.2841873401563812,0.0,-0.5103168477807627,-0.0759741874907822,0.0,0.0,bernoulli
"beta_g['indie-pop','danceability']",0.087252060849669,0.1293353751059321,-0.15331114136399,0.3353267783216452,0.0,0.0,bernoulli
"beta_g['indie-pop','energy']",-0.1372861801415778,0.1355808445863127,-0.3905544783414716,0.1122036967804929,0.0,0.0,bernoulli
"beta_g['indie-pop','loudness']",0.1381242005955716,0.1768114356467796,-0.1967890205064435,0.4803253399205061,0.0,0.0,bernoulli
"beta_g['indie-pop','speechiness']",0.0269571234367703,0.1215338561255765,-0.1928971446986806,0.2613029618990285,0.0,0.0,bernoulli
"beta_g['indie-pop','acousticness']",-0.3648347146344363,0.1274190046342485,-0.599206861109887,-0.1237575084633166,0.0,0.0,bernoulli
"beta_g['indie-pop','instrumentalness']",0.3876577366715099,0.185590630755681,0.0265853215523358,0.7338820476669867,0.0,0.0,bernoulli
"beta_g['indie-pop','liveness']",-0.0754140397367695,0.1043126882466406,-0.2802597647990473,0.1280005357772097,0.0,0.0,bernoulli
"beta_g['indie-pop','valence']",-0.0934660615890211,0.1199231781926075,-0.3235232830185345,0.1370209754594073,0.0,0.0,bernoulli
"beta_g['indie-pop','tempo']",0.0403018523082169,0.0462689753146169,-0.0421231062595057,0.1305621534671849,0.0,0.0,bernoulli
"beta_g['indie-pop','explicit']",0.2918921004776509,0.0951334576726481,0.1163498663729354,0.4719565618767737,0.0,0.0,bernoulli
alpha_g['industrial'],-1.0695686520582783,0.0,-1.2403261691206375,-0.912476861182038,0.0,0.0,bernoulli
"beta_g['industrial','danceability']",0.3797952129489084,0.1201376592341219,0.1536866406429074,0.6104455101575248,0.0,0.0,bernoulli
"beta_g['industrial','energy']",-0.587844200392284,0.0756044449410334,-0.7305460174633892,-0.4460448017641674,0.0,0.0,bernoulli
"beta_g['industrial','loudness']",0.6994887849261398,0.1073149996169118,0.4913662517340258,0.9042248731404556,0.0,0.0,bernoulli
"beta_g['industrial','speechiness']",-0.1118640646072422,0.0862635600721768,-0.2750239980373872,0.0528836778726728,0.0,0.0,bernoulli
"beta_g['industrial','acousticness']",-0.086835464909642,0.0893419788741031,-0.2551774898210231,0.0826378158346875,0.0,0.0,bernoulli
"beta_g['industrial','instrumentalness']",-0.4040258413982045,0.114713534515788,-0.6244313279723986,-0.1903269075048725,0.0,0.0,bernoulli
"beta_g['industrial','liveness']",-0.1355631744534828,0.0730683486386332,-0.2754107064305227,-0.0032218090187014,0.0,0.0,bernoulli
"beta_g['industrial','valence']",-0.0543450986308318,0.0871424880934106,-0.2134648377852688,0.1082505659679011,0.0,0.0,bernoulli
"beta_g['industrial','tempo']",0.0333122956079557,0.0416237083159025,-0.0464332317129847,0.1118559638951953,0.0,0.0,bernoulli
"beta_g['industrial','explicit']",0.0871240942009767,0.0482826611946403,-0.0076424062834388,0.1768368268138055,0.0,0.0,bernoulli
alpha_g['iranian'],-6.582001581991111,0.0,-7.828429484415027,-5.285318356205812,0.0,0.0,bernoulli
"beta_g['iranian','danceability']",0.2195835982396515,0.2310654641625841,-0.2261748611379944,0.6484515203175412,0.0,0.0,bernoulli
"beta_g['iranian','energy']",-0.1309721916788858,0.2180737679547344,-0.5286311365727121,0.2896656795030196,0.0,0.0,bernoulli
"beta_g['iranian','loudness']",0.3652281789943969,0.29656278995711,-0.2063177527551624,0.9298543946058102,0.0,0.0,bernoulli
"beta_g['iranian','speechiness']",-0.0869444752026309,0.1850323571173839,-0.4467526924948246,0.2508445311460943,0.0,0.0,bernoulli
"beta_g['iranian','acousticness']",-0.1205496625716692,0.2848575098735217,-0.6522605431774167,0.4201664752930038,0.0,0.0,bernoulli
"beta_g['iranian','instrumentalness']",-0.1870689580736093,0.2852789488928434,-0.7078242915329839,0.3437007570521486,0.0,0.0,bernoulli
"beta_g['iranian','liveness']",-0.1090273830997985,0.1162192430254851,-0.3269744133986868,0.1049010525991952,0.0,0.0,bernoulli
"beta_g['iranian','valence']",-0.064449247290519,0.2069879768384991,-0.439789738826811,0.3355384861042536,0.0,0.0,bernoulli
"beta_g['iranian','tempo']",0.0165784584265017,0.0482779392725761,-0.0734619305442715,0.1072718992355898,0.0,0.0,bernoulli
"beta_g['iranian','explicit']",0.0562119737515133,0.1981962658006809,-0.3219575943919417,0.4338367141367035,0.0,0.0,bernoulli
alpha_g['j-dance'],-2.2506415758571583,0.0,-2.51917138026613,-1.9823561319497909,0.0,0.0,bernoulli
"beta_g['j-dance','danceability']",0.1226620092241036,0.1237153976643182,-0.1038412649733477,0.3606942744559088,0.0,0.0,bernoulli
"beta_g['j-dance','energy']",-0.3831429666431191,0.1660553917725139,-0.6942917634560197,-0.0673748408648552,0.0,0.0,bernoulli
"beta_g['j-dance','loudness']",0.0331370364783188,0.1815958358872046,-0.3092846994038322,0.3623828321103786,0.0,0.0,bernoulli
"beta_g['j-dance','speechiness']",-0.2846603763616971,0.0716853544139936,-0.4208369869058181,-0.1541472654150501,0.0,0.0,bernoulli
"beta_g['j-dance','acousticness']",-0.5399997194570838,0.1619476225224362,-0.846181652986522,-0.2357033941895956,0.0,0.0,bernoulli
"beta_g['j-dance','instrumentalness']",0.4727736174548707,0.1628294661152693,0.1670930568176428,0.77361136478292,0.0,0.0,bernoulli
"beta_g['j-dance','liveness']",-0.0385502622931088,0.1056186234943397,-0.2342525443154352,0.1604204959852316,0.0,0.0,bernoulli
"beta_g['j-dance','valence']",-0.0811909326484532,0.1234313894818375,-0.3097083283312347,0.1574829455822045,0.0,0.0,bernoulli
"beta_g['j-dance','tempo']",0.0009309703869649,0.0465971821129097,-0.0939537976772034,0.0864575832560785,0.0,0.0,bernoulli
"beta_g['j-dance','explicit']",0.1746580711931313,0.0609114775259743,0.0564555786127918,0.2861093766311997,0.0,0.0,bernoulli
alpha_g['j-idol'],-3.996294344389991,0.0,-4.339258923776502,-3.663849399679601,0.0,0.0,bernoulli
"beta_g['j-idol','danceability']",-0.0504929097167721,0.1928069394114291,-0.413209986982445,0.3007536448817345,0.0,0.0,bernoulli
"beta_g['j-idol','energy']",0.0355989719538252,0.1486533898445623,-0.24677101908672,0.3150366573673533,0.0,0.0,bernoulli
"beta_g['j-idol','loudness']",0.5025518343566244,0.1785232615671509,0.1713242302267934,0.8500738503586095,0.0,0.0,bernoulli
"beta_g['j-idol','speechiness']",0.1039232054526229,0.1546117850167642,-0.1868766051167979,0.403549187512693,0.0,0.0,bernoulli
"beta_g['j-idol','acousticness']",-0.2877855646485531,0.1902390350821724,-0.6444817873070345,0.0732279568950082,0.0,0.0,bernoulli
"beta_g['j-idol','instrumentalness']",0.1204797703031283,0.2109989331122884,-0.2828449016550488,0.5117328375362049,0.0,0.0,bernoulli
"beta_g['j-idol','liveness']",-0.1287602260365594,0.1051323783964182,-0.3304018084092776,0.0679272487854147,0.0,0.0,bernoulli
"beta_g['j-idol','valence']",-0.2282652971447433,0.15033375581671,-0.5066251946224245,0.0589641819857625,0.0,0.0,bernoulli
"beta_g['j-idol','tempo']",0.0219798506563185,0.0462088799834971,-0.0676934188116803,0.1081718940940117,0.0,0.0,bernoulli
"beta_g['j-idol','explicit']",0.2214114997349511,0.1785731608141715,-0.1008001390497757,0.5703444787289494,0.0,0.0,bernoulli
alpha_g['j-pop'],-1.0004513952933112,0.0,-1.150191284950057,-0.8510493619307065,0.0,0.0,bernoulli
"beta_g['j-pop','danceability']",0.5227011897587645,0.1118118497698422,0.3090339280869612,0.7448801326146192,0.0,0.0,bernoulli
"beta_g['j-pop','energy']",-0.1973978001168808,0.0914123645723061,-0.3691002485001768,-0.0209633950866762,0.0,0.0,bernoulli
"beta_g['j-pop','loudness']",0.6552476171398917,0.1025686913488371,0.461397505262951,0.8555880633915959,0.0,0.0,bernoulli
"beta_g['j-pop','speechiness']",0.1772673721997404,0.1096681179867619,-0.0264048116482381,0.3885857043249081,0.0,0.0,bernoulli
"beta_g['j-pop','acousticness']",-0.3572522040396281,0.0961760033920339,-0.5408077457294529,-0.1741241996351788,0.0,0.0,bernoulli
"beta_g['j-pop','instrumentalness']",-0.0777779021617945,0.160464544698083,-0.3771316417724825,0.2296165508179016,0.0,0.0,bernoulli
"beta_g['j-pop','liveness']",0.0563751562858699,0.0886834959114077,-0.1054904992947116,0.2249968672025286,0.0,0.0,bernoulli
"beta_g['j-pop','valence']",0.1130838633710814,0.0866243009332063,-0.0464321396865446,0.2734030112753104,0.0,0.0,bernoulli
"beta_g['j-pop','tempo']",0.0416343496295169,0.0400605292450215,-0.0339526646006961,0.1179544553901945,0.0,0.0,bernoulli
"beta_g['j-pop','explicit']",0.0949944102875405,0.1579717980407889,-0.1950782728134835,0.4018669841634245,0.0,0.0,bernoulli
alpha_g['j-rock'],-1.990901590570427,0.0,-2.256174965844587,-1.7369191565142053,0.0,0.0,bernoulli
"beta_g['j-rock','danceability']",-0.1314913609723792,0.1384662947878943,-0.392594840958254,0.1219604853876047,0.0,0.0,bernoulli
"beta_g['j-rock','energy']",-0.2659404575268376,0.1378782514685351,-0.5234705723784663,-0.0124600874678537,0.0,0.0,bernoulli
"beta_g['j-rock','loudness']",-0.0069028261476084,0.1607019642334314,-0.3100663860888064,0.2944928872664814,0.0,0.0,bernoulli
"beta_g['j-rock','speechiness']",-0.1973908233619319,0.1467412488537478,-0.4676946803290936,0.0760473213442557,0.0,0.0,bernoulli
"beta_g['j-rock','acousticness']",-0.4520043848460533,0.1364354091020513,-0.7245440601804488,-0.2046780371498019,0.0,0.0,bernoulli
"beta_g['j-rock','instrumentalness']",0.2295670281746785,0.1867302533091613,-0.1147292433224535,0.5943945210839872,0.0,0.0,bernoulli
"beta_g['j-rock','liveness']",-0.2052474340655441,0.1058653256807952,-0.4051061272797046,-0.0163298683113179,0.0,0.0,bernoulli
"beta_g['j-rock','valence']",-0.2180253083024815,0.1245820793361177,-0.445149605719956,0.0091990538987769,0.0,0.0,bernoulli
"beta_g['j-rock','tempo']",0.0334116637614282,0.0478236404217925,-0.0549488359834032,0.1239775524081413,0.0,0.0,bernoulli
"beta_g['j-rock','explicit']",0.1641868929456353,0.1532023315780851,-0.1211310743057823,0.449197155956868,0.0,0.0,bernoulli
alpha_g['jazz'],-1.9101639501117864,0.0,-2.184832890090632,-1.6250972084646682,0.0,0.0,bernoulli
"beta_g['jazz','danceability']",0.3791645037584525,0.1319626336949182,0.131861788870745,0.6218929148108193,0.0,0.0,bernoulli
"beta_g['jazz','energy']",-0.3134505467732441,0.0863882969838682,-0.4776810213529264,-0.1489837374914804,0.0,0.0,bernoulli
"beta_g['jazz','loudness']",-0.0529449155386235,0.0880999489268045,-0.215481184992081,0.1116365371940574,0.0,0.0,bernoulli
"beta_g['jazz','speechiness']",0.0253815061768794,0.1170475927677945,-0.1939019078201101,0.2431864918275451,0.0,0.0,bernoulli
"beta_g['jazz','acousticness']",-0.4094388745855976,0.0907039123621615,-0.5764708045991067,-0.2350433316488757,0.0,0.0,bernoulli
"beta_g['jazz','instrumentalness']",0.4419614165845994,0.1174405400012867,0.2184665817748811,0.661369543873596,0.0,0.0,bernoulli
"beta_g['jazz','liveness']",-0.1041535173287944,0.1044317630008307,-0.3054769444483889,0.0895032090675816,0.0,0.0,bernoulli
"beta_g['jazz','valence']",-0.4271324148883902,0.1225026681657978,-0.6571930578750255,-0.1989350185607976,0.0,0.0,bernoulli
"beta_g['jazz','tempo']",0.0339188416528437,0.0437379037903278,-0.0487824493076313,0.1159382895239013,0.0,0.0,bernoulli
"beta_g['jazz','explicit']",0.0946760155990905,0.1769074080540903,-0.2355081352536538,0.4240360020592787,0.0,0.0,bernoulli
alpha_g['k-pop'],1.2618482213214572,0.0,1.0862996137529526,1.434014670369535,0.0,0.0,bernoulli
"beta_g['k-pop','danceability']",-0.265557709936666,0.098080155262814,-0.4544765234067907,-0.088181717930667,0.0,0.0,bernoulli
"beta_g['k-pop','energy']",-0.3625984590370003,0.1081756305350946,-0.5635950339988742,-0.1567418372683568,0.0,0.0,bernoulli
"beta_g['k-pop','loudness']",1.103169615108083,0.131320714788128,0.8665931828578427,1.3469015077181588,0.0,0.0,bernoulli
"beta_g['k-pop','speechiness']",0.0330830716287031,0.0816770749133182,-0.1240314174483557,0.1869846777436032,0.0,0.0,bernoulli
"beta_g['k-pop','acousticness']",-0.6450201973854708,0.0833593864996054,-0.7996440234432477,-0.4925401343615092,0.0,0.0,bernoulli
"beta_g['k-pop','instrumentalness']",-0.1772803077247273,0.1561278510910608,-0.4671414328628586,0.1192686894121386,0.0,0.0,bernoulli
"beta_g['k-pop','liveness']",-0.0660997182848322,0.08760288523785,-0.2304172866106844,0.102938692969544,0.0,0.0,bernoulli
"beta_g['k-pop','valence']",-0.2127403697140644,0.0883731019498167,-0.3782880470310515,-0.0477014888621046,0.0,0.0,bernoulli
"beta_g['k-pop','tempo']",0.01613613133932,0.0444570804995909,-0.0661679582478754,0.0984430305533333,0.0,0.0,bernoulli
"beta_g['k-pop','explicit']",0.1697882441594872,0.1468658973084638,-0.111686731966388,0.4468995925104197,0.0,0.0,bernoulli
alpha_g['kids'],-2.382042797793507,0.0,-3.442941804669582,-1.2824458081425405,0.0,0.0,bernoulli
"beta_g['kids','danceability']",0.1385764208819145,0.2335054204721414,-0.2952103853332852,0.5857246959862404,0.0,0.0,bernoulli
"beta_g['kids','energy']",-0.0810803305008003,0.2358334594223098,-0.5189641231271217,0.3543240171854124,0.0,0.0,bernoulli
"beta_g['kids','loudness']",0.3490785480472461,0.3633621344859726,-0.3515665420349637,1.0335667507896706,0.0,0.0,bernoulli
"beta_g['kids','speechiness']",0.0623335628098231,0.1712417529671474,-0.2506485984920572,0.3847751286397787,0.0,0.0,bernoulli
"beta_g['kids','acousticness']",-0.1812917602193807,0.2962486203873228,-0.7174652827252905,0.3934961336782344,0.0,0.0,bernoulli
"beta_g['kids','instrumentalness']",-0.0204369497935741,0.3304820867040274,-0.6424303317096135,0.6098847891747958,0.0,0.0,bernoulli
"beta_g['kids','liveness']",-0.0809170222848991,0.1243205967145278,-0.3133378480606851,0.1535501683174563,0.0,0.0,bernoulli
"beta_g['kids','valence']",-0.2170073613990492,0.2044166271988874,-0.5912829726258793,0.1761476303789981,0.0,0.0,bernoulli
"beta_g['kids','tempo']",0.010271110816469,0.0459484463260087,-0.079103694040479,0.0991916369940102,0.0,0.0,bernoulli
"beta_g['kids','explicit']",0.0770726804261227,0.2126961200804894,-0.3183591563710684,0.4871664821660562,0.0,0.0,bernoulli
alpha_g['latin'],-2.167531089197976,0.0,-2.3711915535562444,-1.9725572057649712,0.0,0.0,bernoulli
"beta_g['latin','danceability']",0.1864346675577064,0.0831044135898748,0.0340483729267967,0.3442912962159961,0.0,0.0,bernoulli
"beta_g['latin','energy']",-0.0616199951096048,0.1519594925274599,-0.3469563715662969,0.2292877246202039,0.0,0.0,bernoulli
"beta_g['latin','loudness']",0.0437708317980449,0.1384719678091452,-0.2169420483897424,0.3045079186357837,0.0,0.0,bernoulli
"beta_g['latin','speechiness']",-0.032201912658924,0.1017608212199262,-0.2187719079529017,0.1606882165599619,0.0,0.0,bernoulli
"beta_g['latin','acousticness']",-0.4776424786437508,0.1470325776115627,-0.7522149309189149,-0.2089322760891538,0.0,0.0,bernoulli
"beta_g['latin','instrumentalness']",0.1481537472473654,0.1862392008220222,-0.1967088448560071,0.5091248947608974,0.0,0.0,bernoulli
"beta_g['latin','liveness']",-0.1267283731483592,0.0917186719707561,-0.2954713717812265,0.0506806325716921,0.0,0.0,bernoulli
"beta_g['latin','valence']",-0.1687917773997869,0.0996691721678494,-0.3550413747862327,0.0149413607854589,0.0,0.0,bernoulli
"beta_g['latin','tempo']",0.0182911833677283,0.0444642220051204,-0.0657851877502305,0.1031849284544872,0.0,0.0,bernoulli
"beta_g['latin','explicit']",0.0281414029029608,0.0653123376462928,-0.0935879738935616,0.1515829871103253,0.0,0.0,bernoulli
alpha_g['latino'],-1.0488056646754735,0.0,-1.235096809785383,-0.8541773105547731,0.0,0.0,bernoulli
"beta_g['latino','danceability']",0.1617953602743493,0.081259465148526,0.0112369883225457,0.3154683091717518,0.0,0.0,bernoulli
"beta_g['latino','energy']",-0.2584309129465141,0.1434766047499228,-0.5156683636331599,0.0216454459102951,0.0,0.0,bernoulli
"beta_g['latino','loudness']",1.4015687047880587,0.1483249929972341,1.1323940085780415,1.673727415849875,0.0,0.0,bernoulli
"beta_g['latino','speechiness']",-0.0965562507725697,0.0811864324255671,-0.252984583927237,0.0509147238757916,0.0,0.0,bernoulli
"beta_g['latino','acousticness']",-0.3153841171027663,0.1424901617365208,-0.5839566357107886,-0.0487841274045902,0.0,0.0,bernoulli
"beta_g['latino','instrumentalness']",-0.2640205619176148,0.1789191520856299,-0.6047461558753136,0.0652535408828223,0.0,0.0,bernoulli
"beta_g['latino','liveness']",-0.0642496699634939,0.0986840290247074,-0.2409586554469036,0.1225573186270436,0.0,0.0,bernoulli
"beta_g['latino','valence']",-0.2823419891204548,0.0941872921020451,-0.4599995826268242,-0.1037068492489071,0.0,0.0,bernoulli
"beta_g['latino','tempo']",0.0211722131570881,0.0447258149716961,-0.0602513872821093,0.1064146250157894,0.0,0.0,bernoulli
"beta_g['latino','explicit']",0.0515785288169257,0.0538814399359524,-0.0482532121529671,0.1500217764116615,0.0,0.0,bernoulli
alpha_g['malay'],-2.76773483343718,0.0,-2.987321536499007,-2.535801160990736,0.0,0.0,bernoulli
"beta_g['malay','danceability']",-0.1552073943744438,0.129423025321534,-0.3930750258465112,0.0888766903181593,0.0,0.0,bernoulli
"beta_g['malay','energy']",-0.2369525421217397,0.1223074840893284,-0.4698441807462692,-0.0097322816158885,0.0,0.0,bernoulli
"beta_g['malay','loudness']",0.449720665031161,0.1827357624121827,0.1090802296663427,0.7847013590702243,0.0,0.0,bernoulli
"beta_g['malay','speechiness']",-0.0195611629078065,0.1051720914082524,-0.2180959066379026,0.1790004120082144,0.0,0.0,bernoulli
"beta_g['malay','acousticness']",0.3263664000020317,0.1081174875380731,0.1197895084480829,0.5293953244087769,0.0,0.0,bernoulli
"beta_g['malay','instrumentalness']",-0.0195426489790737,0.2012326364150127,-0.3964725471837829,0.3594074374420043,0.0,0.0,bernoulli
"beta_g['malay','liveness']",-0.1076082215429853,0.1064773972508206,-0.3095347623566759,0.0849715958937868,0.0,0.0,bernoulli
"beta_g['malay','valence']",-0.3069205462034361,0.1342884956144078,-0.5591271264958624,-0.0586950474272535,0.0,0.0,bernoulli
"beta_g['malay','tempo']",0.0166833005059295,0.0455664196174396,-0.0716498413337157,0.1011915027328705,0.0,0.0,bernoulli
"beta_g['malay','explicit']",-0.1107090866140301,0.1478836107936275,-0.3961576235258242,0.1639771470488681,0.0,0.0,bernoulli
alpha_g['mandopop'],-0.4858730764157186,0.0,-0.6189565217779636,-0.3500138112026505,0.0,0.0,bernoulli
"beta_g['mandopop','danceability']",0.184409172725696,0.0977291781855264,0.0044689601313471,0.3670947367246387,0.0,0.0,bernoulli
"beta_g['mandopop','energy']",-0.2426329502477875,0.0746488285997332,-0.3803575748126921,-0.1055072407461331,0.0,0.0,bernoulli
"beta_g['mandopop','loudness']",0.8859932101069167,0.1290788228841508,0.6438156572707449,1.1292446272620182,0.0,0.0,bernoulli
"beta_g['mandopop','speechiness']",-0.2627590099857358,0.1044836563144544,-0.4531321180228427,-0.0581128376480508,0.0,0.0,bernoulli
"beta_g['mandopop','acousticness']",0.2002078525961146,0.0672267659902262,0.073256683508366,0.3257007413689949,0.0,0.0,bernoulli
"beta_g['mandopop','instrumentalness']",-0.1198053105532333,0.1316306922091487,-0.3704237580776551,0.1227487892665313,0.0,0.0,bernoulli
"beta_g['mandopop','liveness']",-0.14248177593628,0.091006407723497,-0.3152905237334548,0.0260517555067785,0.0,0.0,bernoulli
"beta_g['mandopop','valence']",-0.354220134077757,0.0803806601742615,-0.5092714795804869,-0.207516488284311,0.0,0.0,bernoulli
"beta_g['mandopop','tempo']",0.0680156647643084,0.0408263219142397,-0.0046043669250798,0.1449765979608798,0.0,0.0,bernoulli
"beta_g['mandopop','explicit']",0.1746415602801755,0.1292220748793372,-0.0742870123878893,0.4087889182843598,0.0,0.0,bernoulli
alpha_g['metal'],0.1813263594937676,0.0,-0.1147882112306041,0.4609964021983073,0.0,0.0,bernoulli
"beta_g['metal','danceability']",-0.1181229967237547,0.1617638681737674,-0.433780540632153,0.1822150119499948,0.0,0.0,bernoulli
"beta_g['metal','energy']",-0.1183653695875598,0.128130919225553,-0.3654082227993664,0.1152778127218496,0.0,0.0,bernoulli
"beta_g['metal','loudness']",0.6774398968488995,0.1819461458838699,0.3347617176839879,1.0165479188354478,0.0,0.0,bernoulli
"beta_g['metal','speechiness']",-0.1766747805193173,0.1381674286386736,-0.4392854626017196,0.093641851197061,0.0,0.0,bernoulli
"beta_g['metal','acousticness']",-0.2769302160334033,0.163246825715168,-0.5948855483033652,0.024296454633728,0.0,0.0,bernoulli
"beta_g['metal','instrumentalness']",-0.038289410260244,0.2069995060550249,-0.4149807942715498,0.3529994715436264,0.0,0.0,bernoulli
"beta_g['metal','liveness']",-0.0544800045777922,0.1067230252113135,-0.2531569111443278,0.1397757576988681,0.0,0.0,bernoulli
"beta_g['metal','valence']",-0.479736465505293,0.1438931394763742,-0.7455793350973084,-0.2036025085952677,0.0,0.0,bernoulli
"beta_g['metal','tempo']",-0.0067198960940142,0.046352227908828,-0.0956473107558748,0.0783821171601366,0.0,0.0,bernoulli
"beta_g['metal','explicit']",0.2504792143091278,0.0937135036792577,0.077266951813396,0.4210784184338317,0.0,0.0,bernoulli
alpha_g['metalcore'],0.2970140025260885,0.0,0.1532688017291001,0.4426070725698235,0.0,0.0,bernoulli
"beta_g['metalcore','danceability']",0.540624082042438,0.0720887819808295,0.4036185101434915,0.6773776856304768,0.0,0.0,bernoulli
"beta_g['metalcore','energy']",-0.0674804544568671,0.0654304327045793,-0.192595409724452,0.0542166902434973,0.0,0.0,bernoulli
"beta_g['metalcore','loudness']",0.5806791741284257,0.0989684918205945,0.3872847583966468,0.7636382813364974,0.0,0.0,bernoulli
"beta_g['metalcore','speechiness']",-0.1896465237093023,0.0704224798338512,-0.3220291989276009,-0.0547256462915105,0.0,0.0,bernoulli
"beta_g['metalcore','acousticness']",-0.0727717375479634,0.0817534011205718,-0.2281942948548053,0.0810090859729998,0.0,0.0,bernoulli
"beta_g['metalcore','instrumentalness']",0.0507716902237191,0.1303005053770893,-0.1878093629531771,0.3011489413179373,0.0,0.0,bernoulli
"beta_g['metalcore','liveness']",-0.158866697256789,0.0666597821865503,-0.2800231426223095,-0.0355737321682474,0.0,0.0,bernoulli
"beta_g['metalcore','valence']",-0.0801987516626131,0.0890603171278996,-0.2467182781299824,0.0926271119157699,0.0,0.0,bernoulli
"beta_g['metalcore','tempo']",0.0746711966508902,0.0415428108118109,-0.0006375628444469,0.1604347527787526,0.0,0.0,bernoulli
"beta_g['metalcore','explicit']",0.177305939906041,0.0484083646862632,0.0909401617974988,0.2682693851645086,0.0,0.0,bernoulli
alpha_g['minimal-techno'],-1.1156460132155537,0.0,-1.3010212002292376,-0.9253852231971792,0.0,0.0,bernoulli
"beta_g['minimal-techno','danceability']",-0.0513838335748625,0.0765148015734027,-0.1943153774093395,0.0940859442171333,0.0,0.0,bernoulli
"beta_g['minimal-techno','energy']",-0.4149974703406368,0.1268945171267796,-0.6598808534536487,-0.1816117962227935,0.0,0.0,bernoulli
"beta_g['minimal-techno','loudness']",0.3604359713518584,0.1551724675348724,0.0642276158700456,0.6476354814909508,0.0,0.0,bernoulli
"beta_g['minimal-techno','speechiness']",-0.0488998808335057,0.1097016361696074,-0.2465104162438756,0.1550346198585246,0.0,0.0,bernoulli
"beta_g['minimal-techno','acousticness']",0.0744587090802851,0.1122882473495211,-0.1424504281618569,0.2837425467925938,0.0,0.0,bernoulli
"beta_g['minimal-techno','instrumentalness']",-0.3618074765050084,0.0511021657057117,-0.4585323007675735,-0.2652385369701095,0.0,0.0,bernoulli
"beta_g['minimal-techno','liveness']",-0.0356825339230637,0.0988389978476601,-0.2231281193519286,0.148903823613823,0.0,0.0,bernoulli
"beta_g['minimal-techno','valence']",-0.0701218446822083,0.0809303549783916,-0.2241447921105511,0.088373597313451,0.0,0.0,bernoulli
"beta_g['minimal-techno','tempo']",0.0170254908198089,0.0455616029651328,-0.0713369745774133,0.1003828399500501,0.0,0.0,bernoulli
"beta_g['minimal-techno','explicit']",0.2472956126211803,0.1609987271525339,-0.0602040106623633,0.5571902318334675,0.0,0.0,bernoulli
alpha_g['mpb'],-3.5424048274876943,0.0,-3.931614590382336,-3.167087788078009,0.0,0.0,bernoulli
"beta_g['mpb','danceability']",-0.0167936829415495,0.1945561427651685,-0.3803980870288879,0.3509682612635119,0.0,0.0,bernoulli
"beta_g['mpb','energy']",-0.1461302307969866,0.1704555466937446,-0.4740318241916914,0.170646331530584,0.0,0.0,bernoulli
"beta_g['mpb','loudness']",-0.064917118125759,0.2543087895195576,-0.5319503287489907,0.4074465999138857,0.0,0.0,bernoulli
"beta_g['mpb','speechiness']",-0.0263320492501037,0.1586378944534969,-0.3178604203841699,0.2848104346938311,0.0,0.0,bernoulli
"beta_g['mpb','acousticness']",0.0792614301732776,0.1695353951238727,-0.2340233830179279,0.3987319265430035,0.0,0.0,bernoulli
"beta_g['mpb','instrumentalness']",0.0471260919937457,0.2504246244221947,-0.4184162745626863,0.5150476801217112,0.0,0.0,bernoulli
"beta_g['mpb','liveness']",-0.1114999479033173,0.0966289333686325,-0.2909867936655189,0.0706978354912873,0.0,0.0,bernoulli
"beta_g['mpb','valence']",-0.1494712318841365,0.1613800036803793,-0.4642824476040847,0.1509552374811087,0.0,0.0,bernoulli
"beta_g['mpb','tempo']",0.0292263559336875,0.0471021685623048,-0.0614493688087628,0.1157933229372645,0.0,0.0,bernoulli
"beta_g['mpb','explicit']",0.0718685232996203,0.1902269578921681,-0.2899973600034423,0.4192137545003099,0.0,0.0,bernoulli
alpha_g['new-age'],-1.5637569784374965,0.0,-1.9925768847616496,-1.1212707151002943,0.0,0.0,bernoulli
"beta_g['new-age','danceability']",-0.058790589822062,0.1300551928431259,-0.2949935068902543,0.1872965725196221,0.0,0.0,bernoulli
"beta_g['new-age','energy']",0.0288828031305278,0.1047497197797421,-0.1670780287167746,0.2247804755723316,0.0,0.0,bernoulli
"beta_g['new-age','loudness']",0.1499508561158571,0.0951994480956289,-0.0282534837870363,0.3346699604789401,0.0,0.0,bernoulli
"beta_g['new-age','speechiness']",-0.0645054432921043,0.1640818403678967,-0.3780436993986854,0.2549534162944646,0.0,0.0,bernoulli
"beta_g['new-age','acousticness']",0.0484121112526507,0.1161272753593964,-0.1672766665671087,0.2612570922814418,0.0,0.0,bernoulli
"beta_g['new-age','instrumentalness']",0.3878338371159891,0.0995294042740147,0.2003730070752505,0.5773832558854901,0.0,0.0,bernoulli
"beta_g['new-age','liveness']",-0.1346377799183086,0.1165063423774375,-0.3547921498073951,0.0802927021506262,0.0,0.0,bernoulli
"beta_g['new-age','valence']",-0.1960487808604292,0.1409004167138676,-0.4534323249370899,0.0637447131108689,0.0,0.0,bernoulli
"beta_g['new-age','tempo']",0.0145077869842401,0.0468711924787639,-0.0759444685151805,0.103239765963213,0.0,0.0,bernoulli
"beta_g['new-age','explicit']",0.0950494060353365,0.187938434757621,-0.2671222299043878,0.4410110027743397,0.0,0.0,bernoulli
alpha_g['opera'],-1.7064725540853485,0.0,-1.928936359039064,-1.4895695534869842,0.0,0.0,bernoulli
"beta_g['opera','danceability']",0.2347008247156556,0.0720819354547437,0.0967938434711723,0.3718414475448243,0.0,0.0,bernoulli
"beta_g['opera','energy']",0.0125614549051848,0.0730571707482714,-0.1186067820899355,0.15175474143697,0.0,0.0,bernoulli
"beta_g['opera','loudness']",0.0432271929405614,0.0667527700698806,-0.0783523477902212,0.1683968826156816,0.0,0.0,bernoulli
"beta_g['opera','speechiness']",-0.1580405514456787,0.1536473456855125,-0.4552538405217691,0.1370552482997578,0.0,0.0,bernoulli
"beta_g['opera','acousticness']",-0.2564195273721698,0.0741409800259824,-0.3915295046554326,-0.1160920170285348,0.0,0.0,bernoulli
"beta_g['opera','instrumentalness']",0.3221963013726782,0.105760716924016,0.1230332189161343,0.5279651188329018,0.0,0.0,bernoulli
"beta_g['opera','liveness']",-0.1787308838222662,0.088384988266899,-0.3512371752880053,-0.0142901852518187,0.0,0.0,bernoulli
"beta_g['opera','valence']",-0.1616146053531534,0.0906090731518552,-0.3336249268130655,0.00445673933561,0.0,0.0,bernoulli
"beta_g['opera','tempo']",0.0342260407147714,0.0443822519696439,-0.0500449622873822,0.1176836655977028,0.0,0.0,bernoulli
"beta_g['opera','explicit']",0.1011290543902974,0.192077153645017,-0.2597273397233192,0.459979334661876,0.0,0.0,bernoulli
alpha_g['pagode'],-1.69493034623007,0.0,-1.8479602799328163,-1.533049491812217,0.0,0.0,bernoulli
"beta_g['pagode','danceability']",0.0987630729226363,0.1215902417596924,-0.1273889587078524,0.3167956053812406,0.0,0.0,bernoulli
"beta_g['pagode','energy']",-0.2210457754103054,0.1299209264785106,-0.4728846742267,0.0171636194142619,0.0,0.0,bernoulli
"beta_g['pagode','loudness']",0.5159526470465648,0.1996129845140273,0.141686773084282,0.8928529455801816,0.0,0.0,bernoulli
"beta_g['pagode','speechiness']",-0.0294433060940579,0.1215443144674291,-0.2537537372800127,0.209250347077761,0.0,0.0,bernoulli
"beta_g['pagode','acousticness']",0.1821001878665367,0.0876451476550375,0.0188057249108722,0.3488417600237699,0.0,0.0,bernoulli
"beta_g['pagode','instrumentalness']",-0.0118242377010696,0.1523264170859491,-0.3013142226680507,0.2744758714803512,0.0,0.0,bernoulli
"beta_g['pagode','liveness']",0.1282455693636315,0.0402642283222325,0.0565080364294115,0.2072590907408603,0.0,0.0,bernoulli
"beta_g['pagode','valence']",-0.051160422762606,0.0783176734500844,-0.2027234694643025,0.0958336997368483,0.0,0.0,bernoulli
"beta_g['pagode','tempo']",0.0327343363115397,0.0412324761035163,-0.0400823797925165,0.1108137970107119,0.0,0.0,bernoulli
"beta_g['pagode','explicit']",0.2793582127781097,0.1266360334938937,0.0362454849844834,0.5166967179525702,0.0,0.0,bernoulli
alpha_g['party'],-3.8699694841435184,0.0,-4.371257217346583,-3.3769781777783545,0.0,0.0,bernoulli
"beta_g['party','danceability']",-0.1316987238236886,0.2122788465861664,-0.5332509857637019,0.2580957105881967,0.0,0.0,bernoulli
"beta_g['party','energy']",-0.1225464687017707,0.1938222202278935,-0.4865678507262744,0.2454779564908207,0.0,0.0,bernoulli
"beta_g['party','loudness']",0.1601405197152739,0.267393881517802,-0.3515364244121187,0.6773024112743693,0.0,0.0,bernoulli
"beta_g['party','speechiness']",-0.0858211718975931,0.1609966717731402,-0.3819448754145725,0.2225809501830136,0.0,0.0,bernoulli
"beta_g['party','acousticness']",-0.1616402405711789,0.2385857374759337,-0.6067669958522858,0.2984044123117332,0.0,0.0,bernoulli
"beta_g['party','instrumentalness']",0.0072156383162328,0.2918768894968178,-0.565148377550079,0.5619473115223931,0.0,0.0,bernoulli
"beta_g['party','liveness']",-0.1154140086204983,0.1073290603822914,-0.3141982012775465,0.0984536469187082,0.0,0.0,bernoulli
"beta_g['party','valence']",-0.4691775404750599,0.1622731077351015,-0.7924549708635088,-0.1719303105088325,0.0,0.0,bernoulli
"beta_g['party','tempo']",0.0204049201360354,0.0494249183444435,-0.0712771025984558,0.1144967880502568,0.0,0.0,bernoulli
"beta_g['party','explicit']",0.1829140382822556,0.1599273576441182,-0.1206824827545992,0.4803690811989166,0.0,0.0,bernoulli
alpha_g['piano'],0.0184828668200626,0.0,-0.1227996518818085,0.1557696414652314,0.0,0.0,bernoulli
"beta_g['piano','danceability']",0.0781799347733097,0.0742077905974408,-0.0682513306165794,0.2133237725667361,0.0,0.0,bernoulli
"beta_g['piano','energy']",-0.0245206282877864,0.0478581066840258,-0.1145791221300503,0.0671892550269547,0.0,0.0,bernoulli
"beta_g['piano','loudness']",-0.8895079937996138,0.0393771524513927,-0.9661443299202706,-0.8157320142130994,0.0,0.0,bernoulli
"beta_g['piano','speechiness']",-0.1527865522604028,0.1151301140379351,-0.3686244107354899,0.0645740793631281,0.0,0.0,bernoulli
"beta_g['piano','acousticness']",-0.3930272424825791,0.0511566836445917,-0.4893560489189908,-0.2980394562091517,0.0,0.0,bernoulli
"beta_g['piano','instrumentalness']",-0.7672901054742174,0.0522510024791905,-0.8725862077236612,-0.6727432398662987,0.0,0.0,bernoulli
"beta_g['piano','liveness']",-0.2205683155434146,0.0738692254300665,-0.3606580896534527,-0.0879402489204349,0.0,0.0,bernoulli
"beta_g['piano','valence']",0.2952167138727211,0.0772643031855307,0.1512544682061316,0.4452063168101482,0.0,0.0,bernoulli
"beta_g['piano','tempo']",-0.0239067254000614,0.0385733353822153,-0.1000776678751614,0.0450204943510962,0.0,0.0,bernoulli
"beta_g['piano','explicit']",0.0552464848468909,0.1140246775750453,-0.160299080129514,0.2615688270872868,0.0,0.0,bernoulli
alpha_g['pop'],0.62020186134584,0.0,0.4400300941704985,0.8015610307526634,0.0,0.0,bernoulli
"beta_g['pop','danceability']",0.4125220032464046,0.0987283417782698,0.2277313775086882,0.6071401041058228,0.0,0.0,bernoulli
"beta_g['pop','energy']",0.1862824401369324,0.104170162798128,-0.0050976155946996,0.3823671517559017,0.0,0.0,bernoulli
"beta_g['pop','loudness']",0.4576100609518808,0.1629155893380625,0.1672146061012417,0.7704180258020195,0.0,0.0,bernoulli
"beta_g['pop','speechiness']",0.2117507262252463,0.0978225671589321,0.0288033308023199,0.3973721030047633,0.0,0.0,bernoulli
"beta_g['pop','acousticness']",0.3420613101947571,0.0918729286470913,0.1734597329896688,0.5210754687258418,0.0,0.0,bernoulli
"beta_g['pop','instrumentalness']",-0.091296196343866,0.1599429255531432,-0.3968208015600297,0.2096607246899961,0.0,0.0,bernoulli
"beta_g['pop','liveness']",-0.0648223845769593,0.0924576867570795,-0.2325125488228613,0.1095924756388706,0.0,0.0,bernoulli
"beta_g['pop','valence']",-0.2268862833433249,0.0999065951736095,-0.4085590735997568,-0.0367556359809953,0.0,0.0,bernoulli
"beta_g['pop','tempo']",-0.0197592442078318,0.0422794175632726,-0.1038627651931091,0.0557210490241463,0.0,0.0,bernoulli
"beta_g['pop','explicit']",0.1039148918758179,0.1112643086318463,-0.101519383350446,0.3053879884392822,0.0,0.0,bernoulli
alpha_g['pop-film'],3.08688812533389,0.0,2.761951091463968,3.403189639861345,0.0,0.0,bernoulli
"beta_g['pop-film','danceability']",0.384730858535972,0.1519585708637987,0.1064906890375137,0.6893132398278803,0.0,0.0,bernoulli
"beta_g['pop-film','energy']",-0.1299821593532645,0.1673038860668026,-0.4323957918686862,0.1898511141070843,0.0,0.0,bernoulli
"beta_g['pop-film','loudness']",-0.2143546734527281,0.228098357373869,-0.6480242476745414,0.2083198719905361,0.0,0.0,bernoulli
"beta_g['pop-film','speechiness']",-0.2308997105411104,0.1317193281970864,-0.4847685165867841,0.0067306392015356,0.0,0.0,bernoulli
"beta_g['pop-film','acousticness']",-0.6066969820283578,0.1409305440952197,-0.8729987386827536,-0.3397310304465016,0.0,0.0,bernoulli
"beta_g['pop-film','instrumentalness']",0.068574411403848,0.2405180824517213,-0.3780267899536525,0.5124492883470332,0.0,0.0,bernoulli
"beta_g['pop-film','liveness']",-0.1902420503664252,0.1050390326718276,-0.3851363071616083,0.0109941796186241,0.0,0.0,bernoulli
"beta_g['pop-film','valence']",-0.2526370676578146,0.1415727092603321,-0.5246327091103207,0.0144375271010715,0.0,0.0,bernoulli
"beta_g['pop-film','tempo']",0.0293822304661821,0.0456922400301965,-0.0570737074198541,0.1172281891337201,0.0,0.0,bernoulli
"beta_g['pop-film','explicit']",0.0692687595997788,0.1792287618462391,-0.2730421512634626,0.4007561105741375,0.0,0.0,bernoulli
alpha_g['power-pop'],-2.083403591989142,0.0,-2.2833523763235277,-1.8813459906129435,0.0,0.0,bernoulli
"beta_g['power-pop','danceability']",0.5739727376728947,0.1290901016658879,0.3341238912498249,0.8269504897377088,0.0,0.0,bernoulli
"beta_g['power-pop','energy']",-0.3671452534747801,0.1068854911122855,-0.5756565945233256,-0.169391928076418,0.0,0.0,bernoulli
"beta_g['power-pop','loudness']",0.1567296558548161,0.1494575091615361,-0.1137676372209475,0.4403226361420889,0.0,0.0,bernoulli
"beta_g['power-pop','speechiness']",-0.2443001566610637,0.1438302526991456,-0.5143189335026881,0.0341479759791073,0.0,0.0,bernoulli
"beta_g['power-pop','acousticness']",-0.2302439129067065,0.1234613586701633,-0.4693870882478039,-0.0093854340173318,0.0,0.0,bernoulli
"beta_g['power-pop','instrumentalness']",-0.2512317520908452,0.1650144438862126,-0.5619026191084658,0.060184221180598,0.0,0.0,bernoulli
"beta_g['power-pop','liveness']",-0.0735527544013583,0.0964542229706869,-0.2503880202693836,0.1137793024651437,0.0,0.0,bernoulli
"beta_g['power-pop','valence']",-0.0316655973404465,0.0934127376212584,-0.2050585819036148,0.1425611552313139,0.0,0.0,bernoulli
"beta_g['power-pop','tempo']",0.0018053516175369,0.0423788134870036,-0.0797563442231003,0.0821625367226938,0.0,0.0,bernoulli
"beta_g['power-pop','explicit']",0.0397249463914385,0.1254017968875778,-0.1981565556628211,0.2807779922475865,0.0,0.0,bernoulli
alpha_g['progressive-house'],0.162681810722844,0.0,0.0175047170706666,0.3012900534477086,0.0,0.0,bernoulli
"beta_g['progressive-house','danceability']",0.2809258834548939,0.1025083769608283,0.0870201434198544,0.4714596972104686,0.0,0.0,bernoulli
"beta_g['progressive-house','energy']",-0.2182433841244094,0.0857551557236686,-0.384154301940991,-0.0545288571422124,0.0,0.0,bernoulli
"beta_g['progressive-house','loudness']",0.7878537868426024,0.1048582870174489,0.5941075751344714,0.9808137964922968,0.0,0.0,bernoulli
"beta_g['progressive-house','speechiness']",-0.1515104462890064,0.0793909599505538,-0.3003421109558379,-0.0029773033213355,0.0,0.0,bernoulli
"beta_g['progressive-house','acousticness']",0.1495105681070939,0.0902729338162092,-0.0129814954650615,0.321510063769475,0.0,0.0,bernoulli
"beta_g['progressive-house','instrumentalness']",-0.0368344316204522,0.0685008739109271,-0.1603197054272901,0.0942843037585102,0.0,0.0,bernoulli
"beta_g['progressive-house','liveness']",-0.0619722723804549,0.0676118064284386,-0.1918703799066223,0.0681111734314966,0.0,0.0,bernoulli
"beta_g['progressive-house','valence']",-0.167519777854999,0.0842267528713421,-0.3275323163670021,-0.010966151958342,0.0,0.0,bernoulli
"beta_g['progressive-house','tempo']",0.0053837830506543,0.0453925179710205,-0.0802884287814052,0.0926830706541911,0.0,0.0,bernoulli
"beta_g['progressive-house','explicit']",0.1068626107371878,0.0870996910765443,-0.0555974898995238,0.2680680474147848,0.0,0.0,bernoulli
alpha_g['psych-rock'],-0.3252592932382596,0.0,-0.4806043921168095,-0.1704215736023636,0.0,0.0,bernoulli
"beta_g['psych-rock','danceability']",0.1375855983390353,0.0920210060814506,-0.0381704988108521,0.308893043648571,0.0,0.0,bernoulli
"beta_g['psych-rock','energy']",-0.1464470958368953,0.0882100391445603,-0.3116433536054682,0.021159052467277,0.0,0.0,bernoulli
"beta_g['psych-rock','loudness']",-0.2935912933463492,0.078776977505912,-0.4429478287734297,-0.148387802105006,0.0,0.0,bernoulli
"beta_g['psych-rock','speechiness']",-0.168633641809405,0.1163674699305682,-0.3851186677323744,0.0436645585228862,0.0,0.0,bernoulli
"beta_g['psych-rock','acousticness']",-0.1137037931648533,0.098050053060436,-0.2973621850591414,0.0744992968739772,0.0,0.0,bernoulli
"beta_g['psych-rock','instrumentalness']",0.1421298653399298,0.0985505924618388,-0.0488768556811501,0.3308115202846592,0.0,0.0,bernoulli
"beta_g['psych-rock','liveness']",0.0151056698047989,0.064945185368644,-0.1057693317703656,0.1392549023157165,0.0,0.0,bernoulli
"beta_g['psych-rock','valence']",-0.2923286347786778,0.0773219696214478,-0.4440354842091856,-0.1442100607994236,0.0,0.0,bernoulli
"beta_g['psych-rock','tempo']",-0.0071920371367837,0.0421589967588202,-0.0875185115915728,0.0694396704569259,0.0,0.0,bernoulli
"beta_g['psych-rock','explicit']",0.0464266219186922,0.1203265443799672,-0.1804408694573242,0.2725519294183207,0.0,0.0,bernoulli
alpha_g['punk'],-1.2523572854162692,0.0,-1.41551342535033,-1.0902007317647116,0.0,0.0,bernoulli
"beta_g['punk','danceability']",-0.0642978009462901,0.1128061416684572,-0.2850140180406142,0.1431301394218399,0.0,0.0,bernoulli
"beta_g['punk','energy']",-0.2182143289494617,0.0918751531415848,-0.3867580421912898,-0.0435637863427535,0.0,0.0,bernoulli
"beta_g['punk','loudness']",0.4303819460167318,0.1161739373081782,0.2141299558896824,0.6482717234323568,0.0,0.0,bernoulli
"beta_g['punk','speechiness']",-0.031762087326591,0.1127982937744367,-0.2426415798418334,0.1752823646320393,0.0,0.0,bernoulli
"beta_g['punk','acousticness']",-0.3466589080934707,0.1008949186910692,-0.5313442887526783,-0.158518628125269,0.0,0.0,bernoulli
"beta_g['punk','instrumentalness']",0.2936983096403671,0.1350152680063469,0.0359569780498652,0.5419363332312787,0.0,0.0,bernoulli
"beta_g['punk','liveness']",-0.110347628027492,0.0864176251882141,-0.2742593534031178,0.0524638445051444,0.0,0.0,bernoulli
"beta_g['punk','valence']",-0.0225535232640631,0.0981217569876111,-0.210010576079359,0.1649930657984194,0.0,0.0,bernoulli
"beta_g['punk','tempo']",-0.0084453711639754,0.0417573503391002,-0.088415497545764,0.0677923701177006,0.0,0.0,bernoulli
"beta_g['punk','explicit']",0.3075355340399298,0.0649938167937029,0.1897875905800819,0.4313342808916116,0.0,0.0,bernoulli
alpha_g['punk-rock'],-1.9137765447170425,0.0,-2.2492735135420165,-1.5774998824229602,0.0,0.0,bernoulli
"beta_g['punk-rock','danceability']",-0.01708345122543,0.1629379983948923,-0.3280082189708019,0.3019054324273586,0.0,0.0,bernoulli
"beta_g['punk-rock','energy']",-0.1325562963488026,0.1488176304671872,-0.416977378215537,0.1482006671519075,0.0,0.0,bernoulli
"beta_g['punk-rock','loudness']",0.2465671351894965,0.2007361028798307,-0.1372020088284409,0.6170508205913978,0.0,0.0,bernoulli
"beta_g['punk-rock','speechiness']",-0.0469804848146237,0.1587468269600583,-0.3461005170146274,0.2483021292480057,0.0,0.0,bernoulli
"beta_g['punk-rock','acousticness']",-0.283292259766138,0.178697878482898,-0.6086852571168451,0.0476962438375698,0.0,0.0,bernoulli
"beta_g['punk-rock','instrumentalness']",0.3239532689223884,0.2292779835898004,-0.1033019832266428,0.759299297299728,0.0,0.0,bernoulli
"beta_g['punk-rock','liveness']",-0.1225990558244499,0.0989709316449702,-0.3078444961349991,0.0571499508674437,0.0,0.0,bernoulli
"beta_g['punk-rock','valence']",-0.0968946462723322,0.1503556835152388,-0.3809395067525319,0.1825848558000168,0.0,0.0,bernoulli
"beta_g['punk-rock','tempo']",0.0181169927389122,0.0465746748649579,-0.0695804432219314,0.112460979405807,0.0,0.0,bernoulli
"beta_g['punk-rock','explicit']",0.2259452361626718,0.1167174411675101,0.0101605449824058,0.4489574777719708,0.0,0.0,bernoulli
alpha_g['r-n-b'],-1.7329440236398428,0.0,-1.966069264273084,-1.493924956430237,0.0,0.0,bernoulli
"beta_g['r-n-b','danceability']",-0.0626280630251973,0.1091175641595329,-0.263279419899708,0.1370918947475277,0.0,0.0,bernoulli
"beta_g['r-n-b','energy']",-0.2438924584022814,0.1362032422332189,-0.4972207556491635,0.0146233558904769,0.0,0.0,bernoulli
"beta_g['r-n-b','loudness']",-0.1696397875633256,0.1919575005137153,-0.5336862015384923,0.1838260160746682,0.0,0.0,bernoulli
"beta_g['r-n-b','speechiness']",-0.0328558312527142,0.06756505892852,-0.161669912410271,0.0972400638299532,0.0,0.0,bernoulli
"beta_g['r-n-b','acousticness']",-0.1766552306949254,0.1278947760268103,-0.41476103607396,0.0578103602122899,0.0,0.0,bernoulli
"beta_g['r-n-b','instrumentalness']",-0.0743569551128953,0.1913290109362198,-0.4351363780904026,0.2814303990993261,0.0,0.0,bernoulli
"beta_g['r-n-b','liveness']",-0.2286318519829135,0.0939028829579517,-0.4090410713319742,-0.0561607633429234,0.0,0.0,bernoulli
"beta_g['r-n-b','valence']",-0.0024214130545082,0.0956786951470164,-0.1796603102987096,0.1729051930727055,0.0,0.0,bernoulli
"beta_g['r-n-b','tempo']",0.0216813286940231,0.0472900015079045,-0.0633998463481303,0.1126443404770331,0.0,0.0,bernoulli
"beta_g['r-n-b','explicit']",0.5099880435900195,0.0674643150229576,0.3872863782607799,0.641823310702461,0.0,0.0,bernoulli
alpha_g['reggae'],-1.0109145901407788,0.0,-1.2927181054473729,-0.7409393970735448,0.0,0.0,bernoulli
"beta_g['reggae','danceability']",0.0877898386127602,0.1039006189380633,-0.106179725225924,0.2805646137391445,0.0,0.0,bernoulli
"beta_g['reggae','energy']",-0.133310496239854,0.1683392029178902,-0.4483090379835879,0.1866063599339929,0.0,0.0,bernoulli
"beta_g['reggae','loudness']",-0.5412774196790774,0.1832724791917315,-0.8819453405199069,-0.2039344889900604,0.0,0.0,bernoulli
"beta_g['reggae','speechiness']",-0.0794413055563773,0.1027335310034722,-0.2704653592254709,0.1167409219543037,0.0,0.0,bernoulli
"beta_g['reggae','acousticness']",-0.2968384971004978,0.1920619140505756,-0.6778871598212264,0.0706513612000861,0.0,0.0,bernoulli
"beta_g['reggae','instrumentalness']",-0.0147749507136572,0.2305602965590564,-0.455943354558405,0.4089814502588335,0.0,0.0,bernoulli
"beta_g['reggae','liveness']",-0.19940044304316,0.1043433318078733,-0.3959796892609802,-0.0107072999819223,0.0,0.0,bernoulli
"beta_g['reggae','valence']",0.0755700378979887,0.1240712888827857,-0.1589520127389041,0.305212253798893,0.0,0.0,bernoulli
"beta_g['reggae','tempo']",0.0024241542768957,0.0460638961790303,-0.0832161917419144,0.0899253963916272,0.0,0.0,bernoulli
"beta_g['reggae','explicit']",-0.0482387238591077,0.1054758684533286,-0.2540878791191817,0.1495255981943196,0.0,0.0,bernoulli
alpha_g['reggaeton'],-1.01801238439179,0.0,-1.5074412966365331,-0.4950942274146009,0.0,0.0,bernoulli
"beta_g['reggaeton','danceability']",0.208298445055988,0.1650169403539301,-0.090847829859826,0.5226449642687464,0.0,0.0,bernoulli
"beta_g['reggaeton','energy']",-0.1696049446801794,0.2277547725195541,-0.592942767018196,0.2474269868808913,0.0,0.0,bernoulli
"beta_g['reggaeton','loudness']",0.7129944647267086,0.2623974755664066,0.2218068429512371,1.2114639364410047,0.0,0.0,bernoulli
"beta_g['reggaeton','speechiness']",-0.2962660652603465,0.1321318089847434,-0.5456510844770011,-0.0541698212919709,0.0,0.0,bernoulli
"beta_g['reggaeton','acousticness']",-0.093687544235865,0.2578462653717095,-0.5832479065820909,0.3966623576291037,0.0,0.0,bernoulli
"beta_g['reggaeton','instrumentalness']",-0.0449706867379051,0.2697526599612422,-0.5385571845903985,0.470872799044394,0.0,0.0,bernoulli
"beta_g['reggaeton','liveness']",-0.1520301667743915,0.1151852574550782,-0.3652978505692843,0.0629750884029023,0.0,0.0,bernoulli
"beta_g['reggaeton','valence']",-0.0660465339818097,0.1651640300324948,-0.3708111073206768,0.2448203515968789,0.0,0.0,bernoulli
"beta_g['reggaeton','tempo']",0.0194547460188683,0.0467757516430314,-0.0718284763959521,0.1094511971135288,0.0,0.0,bernoulli
"beta_g['reggaeton','explicit']",-0.0135793432447439,0.1492151143158319,-0.3061459992288829,0.2651916050627783,0.0,0.0,bernoulli
alpha_g['rock'],-1.400719979529062,0.0,-1.636984521112854,-1.1568460406015493,0.0,0.0,bernoulli
"beta_g['rock','danceability']",0.4141717016890674,0.1288732055977957,0.1637447751611728,0.6505808681588242,0.0,0.0,bernoulli
"beta_g['rock','energy']",-0.071000775976046,0.1423031500544959,-0.3357447051062314,0.1942817829740777,0.0,0.0,bernoulli
"beta_g['rock','loudness']",-0.2047564760121094,0.1910935749366935,-0.5664519710508085,0.1491605369226449,0.0,0.0,bernoulli
"beta_g['rock','speechiness']",0.1515765411743281,0.129231766099077,-0.0848464713987512,0.3963313255143689,0.0,0.0,bernoulli
"beta_g['rock','acousticness']",-0.4939901948173636,0.1406612720158432,-0.7655502603064147,-0.2386184499412638,0.0,0.0,bernoulli
"beta_g['rock','instrumentalness']",-0.3539435241085222,0.1924772193116045,-0.7123840840071316,0.0080149314909763,0.0,0.0,bernoulli
"beta_g['rock','liveness']",-0.0656388856603994,0.1030370581897072,-0.2691615688640391,0.1244581666827498,0.0,0.0,bernoulli
"beta_g['rock','valence']",-0.2051288687953819,0.1224514093167492,-0.427619573053133,0.0253072236220112,0.0,0.0,bernoulli
"beta_g['rock','tempo']",0.0101356062770833,0.0453316663204129,-0.074116741034081,0.0940512111705256,0.0,0.0,bernoulli
"beta_g['rock','explicit']",0.1697034545348195,0.1416110292062051,-0.1019689956885397,0.4412589359837604,0.0,0.0,bernoulli
alpha_g['rock-n-roll'],-1.550351505859689,0.0,-1.710512628580258,-1.3839012667284571,0.0,0.0,bernoulli
"beta_g['rock-n-roll','danceability']",-0.1787383145644275,0.1043266278526344,-0.3732863326804609,0.0169767712288871,0.0,0.0,bernoulli
"beta_g['rock-n-roll','energy']",0.2302907692743756,0.0930302498614385,0.0523605937527037,0.4087794883214041,0.0,0.0,bernoulli
"beta_g['rock-n-roll','loudness']",-0.4527692225594008,0.1057594609878002,-0.6494196608379681,-0.2530573537877955,0.0,0.0,bernoulli
"beta_g['rock-n-roll','speechiness']",0.1143827690312956,0.1115385512239228,-0.0964205847008981,0.3251255587553727,0.0,0.0,bernoulli
"beta_g['rock-n-roll','acousticness']",0.1870622548056746,0.0812521967141826,0.034944499863407,0.3384964067738903,0.0,0.0,bernoulli
"beta_g['rock-n-roll','instrumentalness']",0.1962139697438169,0.1453844447850627,-0.078774701949062,0.4589679955952991,0.0,0.0,bernoulli
"beta_g['rock-n-roll','liveness']",-0.1230408760037979,0.0786173185457822,-0.26967614288932,0.0232914107440279,0.0,0.0,bernoulli
"beta_g['rock-n-roll','valence']",0.0561978039522385,0.0758198512345085,-0.0776225583118955,0.2019317423711116,0.0,0.0,bernoulli
"beta_g['rock-n-roll','tempo']",0.0042179053831536,0.0438869938771089,-0.0795482930868918,0.0847497970576451,0.0,0.0,bernoulli
"beta_g['rock-n-roll','explicit']",0.0298603792089631,0.1525325589012374,-0.2508061439678622,0.3114957502318345,0.0,0.0,bernoulli
alpha_g['rockabilly'],-2.179638117606434,0.0,-2.397396986624202,-1.964174114858806,0.0,0.0,bernoulli
"beta_g['rockabilly','danceability']",-0.200450012566147,0.1462087599057685,-0.4679971627695141,0.0719479088168099,0.0,0.0,bernoulli
"beta_g['rockabilly','energy']",-0.1951164145771108,0.1096409479745749,-0.4037618104790316,0.0118967769648773,0.0,0.0,bernoulli
"beta_g['rockabilly','loudness']",-0.4864350389926823,0.1404261778165128,-0.7624338711833792,-0.2310516912040292,0.0,0.0,bernoulli
"beta_g['rockabilly','speechiness']",0.0809209474533064,0.1383886372997601,-0.1755725480122831,0.3314497944836217,0.0,0.0,bernoulli
"beta_g['rockabilly','acousticness']",0.6726453471992063,0.102923084533768,0.4810510149731227,0.8730895001708664,0.0,0.0,bernoulli
"beta_g['rockabilly','instrumentalness']",0.0118681796624805,0.1629022111682541,-0.2966302226680519,0.3330037902859727,0.0,0.0,bernoulli
"beta_g['rockabilly','liveness']",-0.1646824903649847,0.1012204870002947,-0.36091382522214,0.0229270864715513,0.0,0.0,bernoulli
"beta_g['rockabilly','valence']",0.046785632962994,0.0785976622650708,-0.1013212803928257,0.1916344142182499,0.0,0.0,bernoulli
"beta_g['rockabilly','tempo']",0.0108927185285699,0.0473353537778406,-0.0804599797896317,0.0994721263447602,0.0,0.0,bernoulli
"beta_g['rockabilly','explicit']",0.0087998131331652,0.1663036066322955,-0.2964133585565632,0.3293121304539946,0.0,0.0,bernoulli
alpha_g['romance'],-6.13907929458694,0.0,-7.492091592426125,-4.726559217209443,0.0,0.0,bernoulli
"beta_g['romance','danceability']",0.1611610840006025,0.2523368761077436,-0.3103911294668171,0.6420574278302585,0.0,0.0,bernoulli
"beta_g['romance','energy']",-0.0370393908979455,0.2191830242889917,-0.4517684071400847,0.3658179574699876,0.0,0.0,bernoulli
"beta_g['romance','loudness']",0.4162117163691857,0.3657561883984844,-0.2682766643379733,1.1213048447224347,0.0,0.0,bernoulli
"beta_g['romance','speechiness']",-0.0641681897594919,0.16989103933491,-0.3811677063246076,0.2535482254036552,0.0,0.0,bernoulli
"beta_g['romance','acousticness']",-0.2992603997827184,0.2727410206681351,-0.8045740535936521,0.2090251376570427,0.0,0.0,bernoulli
"beta_g['romance','instrumentalness']",0.0465726528060359,0.3312114422401628,-0.5803193920407587,0.6798320447149971,0.0,0.0,bernoulli
"beta_g['romance','liveness']",-0.1166788980012504,0.124205701645838,-0.3459195250319061,0.1212812673160234,0.0,0.0,bernoulli
"beta_g['romance','valence']",-0.1305612476429978,0.2117343725543763,-0.5289307251781288,0.2667761511721331,0.0,0.0,bernoulli
"beta_g['romance','tempo']",0.0145700232472859,0.0474908661327209,-0.0767464691380966,0.1000147408414777,0.0,0.0,bernoulli
"beta_g['romance','explicit']",0.1089475045794302,0.1989328395688858,-0.2608564412918437,0.4717797920191535,0.0,0.0,bernoulli
alpha_g['sad'],0.9196044299725084,0.0,0.7344263370555004,1.0995115162478624,0.0,0.0,bernoulli
"beta_g['sad','danceability']",0.0982176718427028,0.0779913134011027,-0.0425971393826041,0.251212086746191,0.0,0.0,bernoulli
"beta_g['sad','energy']",0.0714940513335133,0.0896277269195146,-0.0942436425324718,0.2414095559145117,0.0,0.0,bernoulli
"beta_g['sad','loudness']",-0.0932740238804228,0.0982859461701441,-0.279006188791799,0.0850239999596931,0.0,0.0,bernoulli
"beta_g['sad','speechiness']",0.1345873369116291,0.065148518091189,0.0148613547494475,0.2617444035834818,0.0,0.0,bernoulli
"beta_g['sad','acousticness']",-0.3350386666475781,0.0902869060568319,-0.5001079348242885,-0.1653314847167439,0.0,0.0,bernoulli
"beta_g['sad','instrumentalness']",0.1175346510656962,0.1189848408892632,-0.1070234562774303,0.351607717385034,0.0,0.0,bernoulli
"beta_g['sad','liveness']",0.0439807293220698,0.0998359139625883,-0.1488113866691547,0.2268977265508812,0.0,0.0,bernoulli
"beta_g['sad','valence']",0.1546876440420118,0.109551300607482,-0.0561367751631683,0.3678402363911304,0.0,0.0,bernoulli
"beta_g['sad','tempo']",0.0138839939255848,0.0428934846908958,-0.0671467252213305,0.0972417291750491,0.0,0.0,bernoulli
"beta_g['sad','explicit']",0.0027485902885476,0.041857441560296,-0.0762770652930758,0.0820149387212028,0.0,0.0,bernoulli
alpha_g['salsa'],-4.556971933117376,0.0,-5.144226818448096,-3.9950365477755416,0.0,0.0,bernoulli
"beta_g['salsa','danceability']",0.1106163344042613,0.203418191285294,-0.2697970727109868,0.4924269385879015,0.0,0.0,bernoulli
"beta_g['salsa','energy']",-0.0780579680131389,0.2034793853699884,-0.4526609480975802,0.29883212719892,0.0,0.0,bernoulli
"beta_g['salsa','loudness']",0.6234100311050991,0.2931885823431254,0.0715075681777528,1.169403075346002,0.0,0.0,bernoulli
"beta_g['salsa','speechiness']",-0.0473920632081086,0.1723115696644242,-0.3718690266407706,0.2792398688878029,0.0,0.0,bernoulli
"beta_g['salsa','acousticness']",-0.1243099887967916,0.2524783969519147,-0.595177902603933,0.3522743676486546,0.0,0.0,bernoulli
"beta_g['salsa','instrumentalness']",-0.0024476492947983,0.2940126175990792,-0.5385833618320457,0.5469492758387815,0.0,0.0,bernoulli
"beta_g['salsa','liveness']",-0.0985556085278499,0.1126866251448073,-0.307400081845977,0.1060284670930816,0.0,0.0,bernoulli
"beta_g['salsa','valence']",-0.1641885585673947,0.1547979154359257,-0.4604714124902134,0.1369346856294107,0.0,0.0,bernoulli
"beta_g['salsa','tempo']",0.0017735093793642,0.0472946148585929,-0.0875902090344607,0.0894514285493407,0.0,0.0,bernoulli
"beta_g['salsa','explicit']",0.1107951541035893,0.205869635833488,-0.2932957643488347,0.4839188735217537,0.0,0.0,bernoulli
alpha_g['samba'],-4.067107955361821,0.0,-4.680686465008346,-3.4475248089034207,0.0,0.0,bernoulli
"beta_g['samba','danceability']",0.1165687407495715,0.2316851767608466,-0.3176371133798121,0.5649862250710319,0.0,0.0,bernoulli
"beta_g['samba','energy']",-0.0339047586781997,0.2212321183672007,-0.4397272603834788,0.3736250322994295,0.0,0.0,bernoulli
"beta_g['samba','loudness']",0.3982210799566227,0.3468131624601664,-0.2770806080349477,1.088301193177665,0.0,0.0,bernoulli
"beta_g['samba','speechiness']",-0.1915566055570081,0.1590666716034861,-0.4899590947465415,0.1115789127375692,0.0,0.0,bernoulli
"beta_g['samba','acousticness']",-0.0342251027528741,0.252155086165968,-0.5056734961620455,0.428500775926287,0.0,0.0,bernoulli
"beta_g['samba','instrumentalness']",0.0183437205782376,0.2872293516501414,-0.4927851005038332,0.5542945450961454,0.0,0.0,bernoulli
"beta_g['samba','liveness']",-0.0892393283481158,0.1074766858181838,-0.299272734894001,0.1028364423732332,0.0,0.0,bernoulli
"beta_g['samba','valence']",-0.0991917939679857,0.1763002044625445,-0.4063075098683271,0.2377846813942858,0.0,0.0,bernoulli
"beta_g['samba','tempo']",0.0191466523491155,0.046402797993073,-0.0705043039680073,0.1033196698579511,0.0,0.0,bernoulli
"beta_g['samba','explicit']",0.1033281055551454,0.2035629507722872,-0.2895555117121765,0.491328155234826,0.0,0.0,bernoulli
alpha_g['sertanejo'],-0.5458727231104069,0.0,-0.6780685706074652,-0.4013843213483342,0.0,0.0,bernoulli
"beta_g['sertanejo','danceability']",0.032293100766792,0.087387729561464,-0.1307681483426872,0.1953321618108056,0.0,0.0,bernoulli
"beta_g['sertanejo','energy']",0.0408960789893262,0.1075248781532445,-0.155259353611961,0.2438975936784737,0.0,0.0,bernoulli
"beta_g['sertanejo','loudness']",0.2153686945502236,0.0986362230214047,0.0298676750358398,0.4019861302745689,0.0,0.0,bernoulli
"beta_g['sertanejo','speechiness']",0.2132622296144791,0.1021305549974819,0.0151690616826448,0.405760421969529,0.0,0.0,bernoulli
"beta_g['sertanejo','acousticness']",0.039387139821313,0.0956630692457772,-0.1342923178469938,0.2221951813965793,0.0,0.0,bernoulli
"beta_g['sertanejo','instrumentalness']",-0.0040969393570539,0.1294445648134961,-0.2476492620013345,0.238966343196266,0.0,0.0,bernoulli
"beta_g['sertanejo','liveness']",0.0031701772677402,0.0337645584025921,-0.0607662733332018,0.0665573468560111,0.0,0.0,bernoulli
"beta_g['sertanejo','valence']",-0.2019206561623154,0.0853335994052878,-0.3600770084451337,-0.0364793050241487,0.0,0.0,bernoulli
"beta_g['sertanejo','tempo']",0.0236283354410814,0.0409253999843227,-0.053492010751006,0.1033216929754016,0.0,0.0,bernoulli
"beta_g['sertanejo','explicit']",0.1537084998629911,0.1345648138599278,-0.0993979673150478,0.4055200613027257,0.0,0.0,bernoulli
alpha_g['show-tunes'],-1.0023201566039228,0.0,-1.1601886897308376,-0.8437569851807455,0.0,0.0,bernoulli
"beta_g['show-tunes','danceability']",0.2058925876507033,0.0858243062957041,0.0426702050652997,0.3628541125048342,0.0,0.0,bernoulli
"beta_g['show-tunes','energy']",-0.5302971073383826,0.0794973605329748,-0.679621848388061,-0.3798429817743394,0.0,0.0,bernoulli
"beta_g['show-tunes','loudness']",0.3395441830411525,0.100868691073633,0.1485781725782813,0.529085321940775,0.0,0.0,bernoulli
"beta_g['show-tunes','speechiness']",0.0504874350047196,0.0473556697774223,-0.039552271982806,0.1394564410982817,0.0,0.0,bernoulli
"beta_g['show-tunes','acousticness']",-0.903867429134756,0.0820098571631099,-1.0562932896094517,-0.7517130623319817,0.0,0.0,bernoulli
"beta_g['show-tunes','instrumentalness']",-0.2903763927981019,0.147839802028313,-0.5615437038553366,-0.0172861387030593,0.0,0.0,bernoulli
"beta_g['show-tunes','liveness']",-0.2075982587569015,0.0762174033028049,-0.353640085955645,-0.0677181525268746,0.0,0.0,bernoulli
"beta_g['show-tunes','valence']",-0.0323689761537685,0.089510316926783,-0.199986450141064,0.132387352782181,0.0,0.0,bernoulli
"beta_g['show-tunes','tempo']",0.0046700807090889,0.042931780883399,-0.0787578849977731,0.0852997971312089,0.0,0.0,bernoulli
"beta_g['show-tunes','explicit']",0.3672699269811025,0.1079058925409883,0.1566279487835274,0.57149444981465,0.0,0.0,bernoulli
alpha_g['singer-songwriter'],0.1569562155584775,0.0,-0.0293842899614094,0.3393827261682296,0.0,0.0,bernoulli
"beta_g['singer-songwriter','danceability']",0.3358430257209092,0.1066474333807589,0.1410274587798718,0.54597557446665,0.0,0.0,bernoulli
"beta_g['singer-songwriter','energy']",-0.0322665025572005,0.0756389923981404,-0.1735574161908636,0.1058710757623768,0.0,0.0,bernoulli
"beta_g['singer-songwriter','loudness']",0.1961581479937753,0.1032749191547118,0.0028883834413705,0.3917034243459813,0.0,0.0,bernoulli
"beta_g['singer-songwriter','speechiness']",-0.1815002874827582,0.0852032483204289,-0.3403870705515998,-0.024445170916979,0.0,0.0,bernoulli
"beta_g['singer-songwriter','acousticness']",0.0326090129303353,0.0762207600977883,-0.1086955550382808,0.1784796553553989,0.0,0.0,bernoulli
"beta_g['singer-songwriter','instrumentalness']",-0.0303307694904028,0.1434038783976128,-0.2917218213222145,0.2475751076184922,0.0,0.0,bernoulli
"beta_g['singer-songwriter','liveness']",-0.0243327470599034,0.100423208604964,-0.2090835807052266,0.1659227548513034,0.0,0.0,bernoulli
"beta_g['singer-songwriter','valence']",-0.0580839023312377,0.0960742274298629,-0.2401585179654526,0.1206544668021941,0.0,0.0,bernoulli
"beta_g['singer-songwriter','tempo']",-0.0158872040514991,0.0411027914279045,-0.0947073369683997,0.0608195323153277,0.0,0.0,bernoulli
"beta_g['singer-songwriter','explicit']",-0.0464221140643547,0.0804400577623537,-0.2005703641041873,0.1057607227306238,0.0,0.0,bernoulli
alpha_g['ska'],-4.467224277863578,0.0,-5.1294706600097895,-3.7907751282458495,0.0,0.0,bernoulli
"beta_g['ska','danceability']",0.0317792045397547,0.2215587022006306,-0.3943714786742237,0.4384599275717195,0.0,0.0,bernoulli
"beta_g['ska','energy']",-0.130028637601859,0.2034367309339559,-0.5163177621725143,0.2634925649736346,0.0,0.0,bernoulli
"beta_g['ska','loudness']",0.1609645234025075,0.3239872533598697,-0.442715931888215,0.7607999492494887,0.0,0.0,bernoulli
"beta_g['ska','speechiness']",-0.0778961589126464,0.1609680407154788,-0.3782457165153896,0.2275764795113541,0.0,0.0,bernoulli
"beta_g['ska','acousticness']",0.0392936648787158,0.2506553074497589,-0.4231947405051369,0.5142437950050388,0.0,0.0,bernoulli
"beta_g['ska','instrumentalness']",-0.0115107260414186,0.3067657653795054,-0.5779296301727522,0.564398372843933,0.0,0.0,bernoulli
"beta_g['ska','liveness']",-0.0927959813373853,0.112206823490875,-0.2978751326788927,0.1219680216205478,0.0,0.0,bernoulli
"beta_g['ska','valence']",-0.061633256059039,0.178366537082546,-0.3961597384744999,0.279773816250433,0.0,0.0,bernoulli
"beta_g['ska','tempo']",0.0111451925970179,0.0475718350229067,-0.0790432041263817,0.1030081590091973,0.0,0.0,bernoulli
"beta_g['ska','explicit']",0.2119629504857789,0.1864987223827294,-0.1416358103711089,0.5496581084155636,0.0,0.0,bernoulli
alpha_g['soul'],-0.4302355869021299,0.0,-0.6205098707567599,-0.2328775437554457,0.0,0.0,bernoulli
"beta_g['soul','danceability']",0.1930715999706488,0.1198246942972322,-0.0342641886761104,0.4164581932351279,0.0,0.0,bernoulli
"beta_g['soul','energy']",-0.1523398547184667,0.1041032417333367,-0.3490619930074797,0.0474571779411293,0.0,0.0,bernoulli
"beta_g['soul','loudness']",0.4443501486030292,0.1680507895935614,0.1331406785160683,0.7597266724028705,0.0,0.0,bernoulli
"beta_g['soul','speechiness']",0.068374353308247,0.1111902034671659,-0.1393129667393977,0.2798118033252498,0.0,0.0,bernoulli
"beta_g['soul','acousticness']",-0.1725832235212724,0.1207054763611708,-0.3926014521937155,0.0596082065388487,0.0,0.0,bernoulli
"beta_g['soul','instrumentalness']",0.5727197647573357,0.1677447339783797,0.2761309261666513,0.8923928110839864,0.0,0.0,bernoulli
"beta_g['soul','liveness']",-0.2043418452305265,0.0854224793736529,-0.3668123931207401,-0.0428616634043232,0.0,0.0,bernoulli
"beta_g['soul','valence']",-0.4760204941733312,0.1008706864375465,-0.6669249615402649,-0.2812343963360043,0.0,0.0,bernoulli
"beta_g['soul','tempo']",0.031905148646545,0.0431806119121349,-0.0493103313431172,0.1175412074467166,0.0,0.0,bernoulli
"beta_g['soul','explicit']",0.4918132129379599,0.0801077292871882,0.3429691801139393,0.6396023202536064,0.0,0.0,bernoulli
alpha_g['spanish'],-1.1312053350432156,0.0,-1.2820030690961082,-0.9791527844686494,0.0,0.0,bernoulli
"beta_g['spanish','danceability']",0.4903255092941475,0.0930579592559246,0.3168295164557065,0.6765943385229691,0.0,0.0,bernoulli
"beta_g['spanish','energy']",-0.3865570265661817,0.0920177790805049,-0.5611292813737078,-0.2130889337604214,0.0,0.0,bernoulli
"beta_g['spanish','loudness']",1.05365622036758,0.1170485044690728,0.8428439440129958,1.2693027737281932,0.0,0.0,bernoulli
"beta_g['spanish','speechiness']",-0.214312470441348,0.0722248353745251,-0.3514519095868948,-0.0808348280593483,0.0,0.0,bernoulli
"beta_g['spanish','acousticness']",-0.3641806139190129,0.0877946722320979,-0.5267419943343741,-0.2040359624188258,0.0,0.0,bernoulli
"beta_g['spanish','instrumentalness']",-0.3794025283418357,0.1182621061487287,-0.6108664649445468,-0.1700655293213178,0.0,0.0,bernoulli
"beta_g['spanish','liveness']",-0.2876675737655612,0.0672912503508322,-0.4226080124641175,-0.1630485461282338,0.0,0.0,bernoulli
"beta_g['spanish','valence']",0.0114116514026993,0.0704905712939273,-0.1170779922409599,0.1481649957940696,0.0,0.0,bernoulli
"beta_g['spanish','tempo']",0.0452332977153776,0.0394875312586529,-0.0261839245633679,0.1213699531829223,0.0,0.0,bernoulli
"beta_g['spanish','explicit']",-0.1681419114045035,0.1016291146870839,-0.3592859065942116,0.0205402464153848,0.0,0.0,bernoulli
alpha_g['swedish'],-1.4408570258346554,0.0,-1.6183760263551965,-1.276091440282208,0.0,0.0,bernoulli
"beta_g['swedish','danceability']",0.4078262262615787,0.0998089297164624,0.2238223464362335,0.6010677364863365,0.0,0.0,bernoulli
"beta_g['swedish','energy']",-0.079551528883923,0.1011350369275135,-0.2680274432266896,0.1158952136365689,0.0,0.0,bernoulli
"beta_g['swedish','loudness']",0.7913692883183446,0.1443410781597835,0.5149940479478571,1.0545782448742944,0.0,0.0,bernoulli
"beta_g['swedish','speechiness']",-0.2385357413917634,0.1029173999573387,-0.4324491534905403,-0.0453247465801795,0.0,0.0,bernoulli
"beta_g['swedish','acousticness']",-0.2472358319584935,0.1031715803874246,-0.4450285076291804,-0.0492910540801204,0.0,0.0,bernoulli
"beta_g['swedish','instrumentalness']",-0.2248221376942239,0.1491236429298641,-0.5023429879190879,0.0588047683191895,0.0,0.0,bernoulli
"beta_g['swedish','liveness']",-0.0674324765525861,0.0884267519918191,-0.2350411439567279,0.1001353254785274,0.0,0.0,bernoulli
"beta_g['swedish','valence']",-0.5557991872890921,0.0831551351215995,-0.7125574131369998,-0.4019153309725036,0.0,0.0,bernoulli
"beta_g['swedish','tempo']",0.0047417727876237,0.043477497020762,-0.0773122112814536,0.0860682674461317,0.0,0.0,bernoulli
"beta_g['swedish','explicit']",-0.0217671771546699,0.0773050554931939,-0.1597125739275419,0.1228805912372916,0.0,0.0,bernoulli
alpha_g['synth-pop'],-0.8962536619949057,0.0,-1.0509736892227597,-0.7370614630637633,0.0,0.0,bernoulli
"beta_g['synth-pop','danceability']",0.1470728498814006,0.0836652836028287,-0.0157620988040645,0.2998523866597839,0.0,0.0,bernoulli
"beta_g['synth-pop','energy']",0.0663974248874314,0.0988479880989807,-0.1147236096922155,0.2535515810918361,0.0,0.0,bernoulli
"beta_g['synth-pop','loudness']",-0.1941735207287112,0.1084195526424152,-0.3969069935322489,0.0082476038391238,0.0,0.0,bernoulli
"beta_g['synth-pop','speechiness']",-0.1033905693977318,0.110191503757479,-0.3128345986700953,0.1098945501711306,0.0,0.0,bernoulli
"beta_g['synth-pop','acousticness']",0.0632994867854911,0.0918699252672092,-0.11121345832318,0.2355524279505803,0.0,0.0,bernoulli
"beta_g['synth-pop','instrumentalness']",0.1306339400763676,0.104396690728809,-0.067563787584172,0.3183300468722825,0.0,0.0,bernoulli
"beta_g['synth-pop','liveness']",-0.1735556328348284,0.0761763142045431,-0.3208501877194848,-0.0284133244463236,0.0,0.0,bernoulli
"beta_g['synth-pop','valence']",0.0911227782382304,0.0711984141155538,-0.0432780136147037,0.2271939007062846,0.0,0.0,bernoulli
"beta_g['synth-pop','tempo']",-0.0012628816749637,0.043957969420878,-0.0907200119521333,0.079731009844661,0.0,0.0,bernoulli
"beta_g['synth-pop','explicit']",0.1140248929183038,0.099295839294908,-0.0766722661789817,0.2916376311827343,0.0,0.0,bernoulli
alpha_g['tango'],-6.368829609309873,0.0,-7.756197964480528,-4.936509217252217,0.0,0.0,bernoulli
"beta_g['tango','danceability']",0.1128021997199042,0.2376749885450607,-0.3392126027612515,0.5399035281388725,0.0,0.0,bernoulli
"beta_g['tango','energy']",-0.0478624420585961,0.2047901603211804,-0.4393668456580265,0.3337730199114772,0.0,0.0,bernoulli
"beta_g['tango','loudness']",0.3392333666934637,0.4038158150944244,-0.3962502785460409,1.139678738520176,0.0,0.0,bernoulli
"beta_g['tango','speechiness']",-0.0601904946749927,0.1767703749658342,-0.3926652600374014,0.2803605700063954,0.0,0.0,bernoulli
"beta_g['tango','acousticness']",-0.3457971016149005,0.2722969008000955,-0.840894132293272,0.1939060670380555,0.0,0.0,bernoulli
"beta_g['tango','instrumentalness']",-0.0243231054376873,0.3098268157005918,-0.6166610820917384,0.5413477875368357,0.0,0.0,bernoulli
"beta_g['tango','liveness']",-0.1138527039837025,0.1261737732100578,-0.3632503012301199,0.1243977861411751,0.0,0.0,bernoulli
"beta_g['tango','valence']",-0.1656304595271086,0.2067077378718547,-0.554438417522166,0.2409068825783688,0.0,0.0,bernoulli
"beta_g['tango','tempo']",0.0141562342695473,0.046665563997001,-0.0716611307526729,0.1045117420604079,0.0,0.0,bernoulli
"beta_g['tango','explicit']",0.0976314203171669,0.2068119104606126,-0.2965090047348892,0.4746436081908102,0.0,0.0,bernoulli
alpha_g['techno'],-1.1426949666512534,0.0,-1.350225087497575,-0.9268073419004592,0.0,0.0,bernoulli
"beta_g['techno','danceability']",0.2096353855326383,0.1168921703292829,-0.0055118275927951,0.4400151663313961,0.0,0.0,bernoulli
"beta_g['techno','energy']",0.3561009147739069,0.1228761724630992,0.1397030666571726,0.5921909176186979,0.0,0.0,bernoulli
"beta_g['techno','loudness']",0.3326455551630365,0.1925684205912889,-0.0340152815161373,0.6928680116571212,0.0,0.0,bernoulli
"beta_g['techno','speechiness']",0.120373268129507,0.1307035764642389,-0.1229897692230124,0.3697431105264289,0.0,0.0,bernoulli
"beta_g['techno','acousticness']",-0.0918090302800167,0.1178175907184154,-0.3046051758866476,0.1303458954776162,0.0,0.0,bernoulli
"beta_g['techno','instrumentalness']",-0.1705632175070562,0.0700743878395709,-0.305025610097465,-0.0386715935231369,0.0,0.0,bernoulli
"beta_g['techno','liveness']",-0.0561647774139988,0.0943073581775949,-0.2379966993757345,0.1148737206931833,0.0,0.0,bernoulli
"beta_g['techno','valence']",0.1359536639134842,0.0919623457522307,-0.0343093549582015,0.3124102230597552,0.0,0.0,bernoulli
"beta_g['techno','tempo']",0.0258546719903682,0.0454396272495748,-0.0608187035677065,0.1150866295516288,0.0,0.0,bernoulli
"beta_g['techno','explicit']",0.0438097056123338,0.1454278557681581,-0.2295123481202572,0.3086556658300277,0.0,0.0,bernoulli
alpha_g['trance'],-0.8628538664063147,0.0,-1.0449923883901384,-0.6733919787178907,0.0,0.0,bernoulli
"beta_g['trance','danceability']",0.1206885762582484,0.1201532138878411,-0.1056615534686217,0.3432993015406367,0.0,0.0,bernoulli
"beta_g['trance','energy']",0.0661565761789806,0.093840575932153,-0.1074175723070264,0.2453827965517178,0.0,0.0,bernoulli
"beta_g['trance','loudness']",0.4144262737741854,0.1463463684312271,0.1279155477725803,0.6902094872756219,0.0,0.0,bernoulli
"beta_g['trance','speechiness']",-0.1319330670861026,0.0897853283913863,-0.3039499985439418,0.0367522102575517,0.0,0.0,bernoulli
"beta_g['trance','acousticness']",0.0442582015876955,0.1122361185607574,-0.1602801241187542,0.2531762064256973,0.0,0.0,bernoulli
"beta_g['trance','instrumentalness']",-0.5350212315812041,0.0695109085864322,-0.6653423900424627,-0.4092199607558545,0.0,0.0,bernoulli
"beta_g['trance','liveness']",-0.145548731571027,0.0810629807084299,-0.2993738074639082,0.0014717339496977,0.0,0.0,bernoulli
"beta_g['trance','valence']",0.0757739026011903,0.0850268952933989,-0.083917042184642,0.2305174046848232,0.0,0.0,bernoulli
"beta_g['trance','tempo']",-0.0142249293990909,0.0460260480520696,-0.1025055812901078,0.0685411078954924,0.0,0.0,bernoulli
"beta_g['trance','explicit']",-0.1266652352925465,0.144685725069749,-0.4065698774135373,0.1363244273644442,0.0,0.0,bernoulli
alpha_g['trip-hop'],-1.1372081925858442,0.0,-1.283612878793981,-0.9891505569060658,0.0,0.0,bernoulli
"beta_g['trip-hop','danceability']",0.0665579953431056,0.0783794179104887,-0.0770243830101841,0.213557448154926,0.0,0.0,bernoulli
"beta_g['trip-hop','energy']",-0.3594775727827853,0.104405190814653,-0.557442658627394,-0.1622472916799242,0.0,0.0,bernoulli
"beta_g['trip-hop','loudness']",0.3333426419396482,0.1131801997330251,0.1189715610059789,0.5411670591097985,0.0,0.0,bernoulli
"beta_g['trip-hop','speechiness']",-0.1418351462492514,0.0782947275692028,-0.2881938887382244,-0.0007173397054114,0.0,0.0,bernoulli
"beta_g['trip-hop','acousticness']",-0.0906581774614368,0.0883007313395163,-0.2613168274846727,0.0766177035428324,0.0,0.0,bernoulli
"beta_g['trip-hop','instrumentalness']",0.0622074001040904,0.0554395011725541,-0.0440245069769399,0.1662350103195779,0.0,0.0,bernoulli
"beta_g['trip-hop','liveness']",-0.1564308313910424,0.0789904671965777,-0.3102015486913981,-0.0106039928092289,0.0,0.0,bernoulli
"beta_g['trip-hop','valence']",0.0413301064937716,0.0772748290080977,-0.1037836710667429,0.189119748614191,0.0,0.0,bernoulli
"beta_g['trip-hop','tempo']",0.0109846293284445,0.041401936261721,-0.0689933805010067,0.0888117292732885,0.0,0.0,bernoulli
"beta_g['trip-hop','explicit']",0.228803204862786,0.0872219309030638,0.0636656776069261,0.3919297438711763,0.0,0.0,bernoulli
alpha_g['turkish'],-2.728495298215578,0.0,-3.0012808105248,-2.46182321423211,0.0,0.0,bernoulli
"beta_g['turkish','danceability']",0.2048382838574244,0.1344888930712416,-0.0477690592270291,0.456000215674237,0.0,0.0,bernoulli
"beta_g['turkish','energy']",-0.1596963988039564,0.1545622971888723,-0.4424686777146532,0.1400794583210404,0.0,0.0,bernoulli
"beta_g['turkish','loudness']",0.0982178410760796,0.1999658388935297,-0.2846260891230817,0.4742755577654206,0.0,0.0,bernoulli
"beta_g['turkish','speechiness']",-0.1371049002268012,0.1099513922714414,-0.3586918275609853,0.0635039094513207,0.0,0.0,bernoulli
"beta_g['turkish','acousticness']",-0.40957350433853,0.1582678280947892,-0.6950392088658781,-0.1043955651307911,0.0,0.0,bernoulli
"beta_g['turkish','instrumentalness']",0.8334662605520923,0.171317849736937,0.5223131991119049,1.1527080593878902,0.0,0.0,bernoulli
"beta_g['turkish','liveness']",-0.1708207612223326,0.1076050173892548,-0.3671194175084325,0.030024021269491,0.0,0.0,bernoulli
"beta_g['turkish','valence']",-0.2125490229379294,0.1305928727735512,-0.4592455136088896,0.0349235870975834,0.0,0.0,bernoulli
"beta_g['turkish','tempo']",0.0046787768388736,0.0468281127977178,-0.087087007272216,0.0916775815909782,0.0,0.0,bernoulli
"beta_g['turkish','explicit']",-0.0713650492130182,0.0861800507228408,-0.2312514879669484,0.0865427551383808,0.0,0.0,bernoulli
alpha_g['world-music'],-1.3470363191523378,0.0,-1.485524057834879,-1.2100290679523804,0.0,0.0,bernoulli
"beta_g['world-music','danceability']",0.2019121134486834,0.0694086276672939,0.0669248679446352,0.3307812311343233,0.0,0.0,bernoulli
"beta_g['world-music','energy']",-0.2925395117906902,0.0822245532871562,-0.4451137069173678,-0.1380439620476203,0.0,0.0,bernoulli
"beta_g['world-music','loudness']",0.7205451797264215,0.1210908596363758,0.4935991394347828,0.94853101779379,0.0,0.0,bernoulli
"beta_g['world-music','speechiness']",0.0091339029996114,0.106171036380174,-0.1883824431871409,0.2066742207346756,0.0,0.0,bernoulli
"beta_g['world-music','acousticness']",-0.1757640625784756,0.0888602238067347,-0.3397178643732,-0.0118229935206685,0.0,0.0,bernoulli
"beta_g['world-music','instrumentalness']",-0.4906993404917972,0.1344170870338674,-0.7443257476421757,-0.2418732809962058,0.0,0.0,bernoulli
"beta_g['world-music','liveness']",-0.0688227817471603,0.0555812985174947,-0.1729295540316207,0.0334783003131041,0.0,0.0,bernoulli
"beta_g['world-music','valence']",-0.317226275724456,0.0776172169388819,-0.4606053201464651,-0.1731030419293003,0.0,0.0,bernoulli
"beta_g['world-music','tempo']",0.0276234294839404,0.0427007680795714,-0.0544760482706256,0.1043330378002493,0.0,0.0,bernoulli
"beta_g['world-music','explicit']",0.0918014325264014,0.1568832067420163,-0.2074731433420894,0.3908429211444265,0.0,0.0,bernoulli
alpha_g['acoustic'],40.99353257074643,0.0,39.53957338804978,42.50074915155607,0.0,0.0,gaussian
"beta_g['acoustic','danceability']",1.3521440363701085,0.6024010690329231,0.2724630598868631,2.5017984164004052,0.0,0.0,gaussian
"beta_g['acoustic','energy']",-2.3613289769239403,0.9075118150152461,-4.105891194029056,-0.6017806019052926,0.0,0.0,gaussian
"beta_g['acoustic','loudness']",-0.3655047155051673,0.8254009267294579,-1.9658057910108138,1.1782777838228604,0.0,0.0,gaussian
"beta_g['acoustic','speechiness']",-1.4155243324305533,0.9316602838741218,-3.119625123486961,0.31052011199056145,0.0,0.0,gaussian
"beta_g['acoustic','acousticness']",-0.09773250686178267,0.6498826634073683,-1.330660236213107,1.132623160456668,0.0,0.0,gaussian
"beta_g['acoustic','instrumentalness']",-1.3967818555930382,0.7607939973133668,-2.8818079956842038,0.031741965460309746,0.0,0.0,gaussian
"beta_g['acoustic','liveness']",-0.609705016003336,0.5238909306596492,-1.6029838243783454,0.38486328852427004,0.0,0.0,gaussian
"beta_g['acoustic','valence']",-1.8422719968246235,0.5436943580424777,-2.851545470208113,-0.8338111828992573,0.0,0.0,gaussian
"beta_g['acoustic','tempo']",0.14058224225730206,0.28044549700223687,-0.3917609887500079,0.7131352618038447,0.0,0.0,gaussian
"beta_g['acoustic','explicit']",-2.423625533998108,0.4964212063300141,-3.3355891800406128,-1.4818611584605768,0.0,0.0,gaussian
alpha_g['afrobeat'],25.921798968312103,0.0,24.6419395508239,27.1806787044799,0.0,0.0,gaussian
"beta_g['afrobeat','danceability']",-0.1316919718958696,0.5771570369571243,-1.2295696987658982,0.970475979353093,0.0,0.0,gaussian
"beta_g['afrobeat','energy']",-1.0178655551504823,0.8550851145742455,-2.573233754097447,0.6049599456161054,0.0,0.0,gaussian
"beta_g['afrobeat','loudness']",1.7674941893351486,0.9204826286822336,0.08251375786757989,3.552133597129075,0.0,0.0,gaussian
"beta_g['afrobeat','speechiness']",0.19854460844472663,0.3975989539602804,-0.571419775631556,0.932466751806277,0.0,0.0,gaussian
"beta_g['afrobeat','acousticness']",0.3817891333841879,0.5834510875692628,-0.7511960194046744,1.4948650319540475,0.0,0.0,gaussian
"beta_g['afrobeat','instrumentalness']",-0.7393180289794573,0.3799499679077248,-1.4377915999746562,-0.007703930536998977,0.0,0.0,gaussian
"beta_g['afrobeat','liveness']",0.12140130936379702,0.3924091438389309,-0.6132691558113008,0.8686368452904845,0.0,0.0,gaussian
"beta_g['afrobeat','valence']",-0.6860667440453023,0.5614835542598409,-1.7339188154148504,0.3823896380956246,0.0,0.0,gaussian
"beta_g['afrobeat','tempo']",0.05543508788393713,0.26334929834793863,-0.433814003439231,0.5797473954680971,0.0,0.0,gaussian
"beta_g['afrobeat','explicit']",0.3581127435920089,0.714748540999354,-1.014807087929262,1.7136871126121476,0.0,0.0,gaussian
alpha_g['alt-rock'],50.18901893137759,0.0,48.58728308403096,51.7673281960582,0.0,0.0,gaussian
"beta_g['alt-rock','danceability']",2.3997771857478734,0.6964672288338736,1.1227626747705648,3.720109784987078,0.0,0.0,gaussian
"beta_g['alt-rock','energy']",-4.142888333238544,1.0733145978175014,-6.151028521754384,-2.094221444094866,0.0,0.0,gaussian
"beta_g['alt-rock','loudness']",3.0788246708831393,1.2708936536253723,0.7521423760656057,5.544536808837686,0.0,0.0,gaussian
"beta_g['alt-rock','speechiness']",-1.7538919145731158,0.8764021307469295,-3.3979595406517524,-0.16919806618655472,0.0,0.0,gaussian
"beta_g['alt-rock','acousticness']",-3.502567151932925,0.9290160058133201,-5.271861934950873,-1.7786212456735617,0.0,0.0,gaussian
"beta_g['alt-rock','instrumentalness']",0.4800856040757514,0.9348160996431486,-1.2772916973180373,2.1650328962591443,0.0,0.0,gaussian
"beta_g['alt-rock','liveness']",-0.07505897687655462,0.4070387004308734,-0.843506631296379,0.6981838956041132,0.0,0.0,gaussian
"beta_g['alt-rock','valence']",-1.8699093866021188,0.6283139546506425,-3.099045151857924,-0.682649492563867,0.0,0.0,gaussian
"beta_g['alt-rock','tempo']",-0.4237829276670171,0.32792843222920004,-1.0824922144511002,0.11819625162529797,0.0,0.0,gaussian
"beta_g['alt-rock','explicit']",0.9955384350851818,0.5122672015151633,0.03312775059134332,1.904605564400383,0.0,0.0,gaussian
alpha_g['alternative'],38.614504458634606,0.0,35.712376326805696,41.42547622383849,0.0,0.0,gaussian
"beta_g['alternative','danceability']",1.7533237237301522,0.939701682899311,-0.012884036342066746,3.4411087570217846,0.0,0.0,gaussian
"beta_g['alternative','energy']",2.0484909460173637,1.444539167069322,-0.48041500900033357,4.787530193942518,0.0,0.0,gaussian
"beta_g['alternative','loudness']",1.6180108573767762,2.2414453815188944,-2.5736400485197324,5.8421011214593905,0.0,0.0,gaussian
"beta_g['alternative','speechiness']",-2.9527777811843494,0.9135589647258763,-4.700405244969892,-1.3084776470628043,0.0,0.0,gaussian
"beta_g['alternative','acousticness']",-6.181721097502079,1.4531190870833228,-8.909047641777223,-3.4110053735590333,0.0,0.0,gaussian
"beta_g['alternative','instrumentalness']",0.15001037770689382,1.696693513057301,-3.076939701891639,3.19679388429362,0.0,0.0,gaussian
"beta_g['alternative','liveness']",-0.294584789082692,0.5674566275140426,-1.3998927988659056,0.8014017825219127,0.0,0.0,gaussian
"beta_g['alternative','valence']",0.8852819827430007,0.9037374414534636,-0.7758573861739425,2.6577536672135893,0.0,0.0,gaussian
"beta_g['alternative','tempo']",0.00770279820862812,0.34032744943412696,-0.6564947991674058,0.660122708650651,0.0,0.0,gaussian
"beta_g['alternative','explicit']",0.8327422474065517,0.5349177842571381,-0.2315950336132112,1.8524932979326127,0.0,0.0,gaussian
alpha_g['ambient'],46.31694529461476,0.0,43.930888106220955,48.40897353846443,0.0,0.0,gaussian
"beta_g['ambient','danceability']",-0.4846801499627986,0.4895849304410496,-1.367342162700522,0.41975702840342066,0.0,0.0,gaussian
"beta_g['ambient','energy']",-0.859110501587188,0.9849331009831834,-2.662659972181777,1.0650771056116464,0.0,0.0,gaussian
"beta_g['ambient','loudness']",-0.043297199750761725,0.4395273253784873,-0.8901391732859352,0.7720767094514809,0.0,0.0,gaussian
"beta_g['ambient','speechiness']",-1.2736918465843783,0.8760532534101458,-2.8887618518793685,0.364057230662993,0.0,0.0,gaussian
"beta_g['ambient','acousticness']",-0.09093672234938117,0.6840451813866765,-1.3774593555334582,1.1840133115692124,0.0,0.0,gaussian
"beta_g['ambient','instrumentalness']",-1.1279881215628635,0.44868219123473396,-1.9904788122091066,-0.2772489951923346,0.0,0.0,gaussian
"beta_g['ambient','liveness']",-0.818259827441444,0.5589554858213307,-1.8327176198745916,0.24349540011366605,0.0,0.0,gaussian
"beta_g['ambient','valence']",-0.33078369900360893,0.7209324191604264,-1.6999988635798988,0.9922063106558173,0.0,0.0,gaussian
"beta_g['ambient','tempo']",0.09827349117836769,0.28056226943206325,-0.3815593482304983,0.651616768505985,0.0,0.0,gaussian
"beta_g['ambient','explicit']",1.2587212403709291,0.984270987121116,-0.6239723616029818,3.1779562396451637,0.0,0.0,gaussian
alpha_g['anime'],49.15349898920475,0.0,48.25209772372756,50.00772839804915,0.0,0.0,gaussian
"beta_g['anime','danceability']",-0.05033870018745716,0.4621200842374713,-0.8958256562707507,0.8112090960408174,0.0,0.0,gaussian
"beta_g['anime','energy']",-0.646560607454875,0.8696528035683804,-2.308557459335775,1.067920771630427,0.0,0.0,gaussian
"beta_g['anime','loudness']",0.3549994694814722,0.7435713323186833,-1.1076977947172086,1.7264992823258942,0.0,0.0,gaussian
"beta_g['anime','speechiness']",-1.091286431354885,0.4723665176996692,-2.0012548438858646,-0.2320424843515701,0.0,0.0,gaussian
"beta_g['anime','acousticness']",-1.4961773064060973,0.6837258599519693,-2.750232981838462,-0.14525865307595662,0.0,0.0,gaussian
"beta_g['anime','instrumentalness']",-0.10190990096598167,0.4936090039841015,-1.0561855093257881,0.8615100727357208,0.0,0.0,gaussian
"beta_g['anime','liveness']",-1.1452613086369015,0.4305150879924971,-1.9666796120071552,-0.323874548219641,0.0,0.0,gaussian
"beta_g['anime','valence']",0.5341506421620488,0.5833213398049671,-0.5754499036223636,1.662616848674737,0.0,0.0,gaussian
"beta_g['anime','tempo']",0.05859849583268374,0.25501683844811196,-0.405779906494542,0.5445647505420521,0.0,0.0,gaussian
"beta_g['anime','explicit']",0.4650841286587339,0.5347498967395795,-0.5567385425485566,1.4609998279976446,0.0,0.0,gaussian
alpha_g['black-metal'],25.22333555954019,0.0,22.646136990906953,27.718165852839665,0.0,0.0,gaussian
"beta_g['black-metal','danceability']",1.4939008036838275,0.5518042638957813,0.465819412375545,2.561492964184621,0.0,0.0,gaussian
"beta_g['black-metal','energy']",-1.7559902277741395,0.8764972006142042,-3.393699037032814,-0.12864809170248792,0.0,0.0,gaussian
"beta_g['black-metal','loudness']",2.4991971072117085,0.873932283114046,0.8745954716868638,4.109964948887886,0.0,0.0,gaussian
"beta_g['black-metal','speechiness']",-0.7109074755806836,0.6587055124591709,-1.970523153970567,0.48127622633437694,0.0,0.0,gaussian
"beta_g['black-metal','acousticness']",0.40706560283593396,1.0766948239850047,-1.6294136923432068,2.5183643298586196,0.0,0.0,gaussian
"beta_g['black-metal','instrumentalness']",0.09815238074266294,0.3744924503814927,-0.6109286890382708,0.8289872382828491,0.0,0.0,gaussian
"beta_g['black-metal','liveness']",-0.7774056634276751,0.3767187126924001,-1.498143022710194,-0.07268017330527539,0.0,0.0,gaussian
"beta_g['black-metal','valence']",-0.7006909144181515,0.6725368057619723,-2.046642687268204,0.5323588023689352,0.0,0.0,gaussian
"beta_g['black-metal','tempo']",-0.15059498513696168,0.26762153112453374,-0.6972706863424274,0.33279361505776434,0.0,0.0,gaussian
"beta_g['black-metal','explicit']",0.6513969752427347,0.3484430113143191,-0.02481503041924954,1.2805883436627028,0.0,0.0,gaussian
alpha_g['bluegrass'],27.02606058788411,0.0,25.124240375831373,28.93704663216569,0.0,0.0,gaussian
"beta_g['bluegrass','danceability']",0.5491618070842984,0.7115348171938831,-0.8081384764396659,1.8685224740550879,0.0,0.0,gaussian
"beta_g['bluegrass','energy']",-1.258601687588274,0.9236376776478552,-3.0452121598763555,0.47404615236138986,0.0,0.0,gaussian
"beta_g['bluegrass','loudness']",0.9698274785336204,0.8857482278280825,-0.6964648323936137,2.651554514080107,0.0,0.0,gaussian
"beta_g['bluegrass','speechiness']",0.4530833739571075,1.0007612349332262,-1.3920634165912498,2.345145037711929,0.0,0.0,gaussian
"beta_g['bluegrass','acousticness']",-0.12178127169223758,0.6590104921881359,-1.3362762966982507,1.107139232351169,0.0,0.0,gaussian
"beta_g['bluegrass','instrumentalness']",-0.18526861899874167,0.5275333268860657,-1.1570076984620954,0.8031754461300227,0.0,0.0,gaussian
"beta_g['bluegrass','liveness']",-0.3960663499668085,0.35205015260417083,-1.0363246887757964,0.2841000936494474,0.0,0.0,gaussian
"beta_g['bluegrass','valence']",-1.3355323350557875,0.5676516250316304,-2.435713036709454,-0.29286978053235774,0.0,0.0,gaussian
"beta_g['bluegrass','tempo']",0.09768812540906,0.2937909400011064,-0.4115033547476844,0.6798327364531912,0.0,0.0,gaussian
"beta_g['bluegrass','explicit']",0.07700536181863735,0.9936804853034135,-1.7666050809571716,1.9194244235613707,0.0,0.0,gaussian
alpha_g['blues'],49.546824797267114,0.0,48.11727207257381,51.0389272294711,0.0,0.0,gaussian
"beta_g['blues','danceability']",-2.7530592963245533,0.6147731481640426,-3.9117789053446486,-1.5930028775352036,0.0,0.0,gaussian
"beta_g['blues','energy']",2.994146431275983,0.975092713169686,1.0917929728038969,4.85721269146417,0.0,0.0,gaussian
"beta_g['blues','loudness']",-4.236523397342946,0.9521837306196946,-6.090940772979058,-2.43060621368864,0.0,0.0,gaussian
"beta_g['blues','speechiness']",-0.03136966377301212,0.6431876540502844,-1.2622464368473207,1.1524007679156798,0.0,0.0,gaussian
"beta_g['blues','acousticness']",-2.2155058352048203,0.6827251582259816,-3.5199341643653135,-0.9432406258331454,0.0,0.0,gaussian
"beta_g['blues','instrumentalness']",2.456678258149248,1.0489706068858762,0.49078783618104077,4.4180690721282785,0.0,0.0,gaussian
"beta_g['blues','liveness']",-0.7365858487400567,0.44226725704279723,-1.5938207508274544,0.06157499674442421,0.0,0.0,gaussian
"beta_g['blues','valence']",-1.8179078075693926,0.644166111032783,-3.0351685202796608,-0.6070620539924776,0.0,0.0,gaussian
"beta_g['blues','tempo']",-0.03942600150319721,0.30145327220645507,-0.6109085397225217,0.530590282283993,0.0,0.0,gaussian
"beta_g['blues','explicit']",0.6966021064888864,0.8089804860851553,-0.756676034215412,2.1968905629779045,0.0,0.0,gaussian
alpha_g['brazil'],46.60455986193791,0.0,44.92074183866494,48.41703906729156,0.0,0.0,gaussian
"beta_g['brazil','danceability']",0.2490026772273803,0.552305240435674,-0.8053638586698457,1.3108497488912296,0.0,0.0,gaussian
"beta_g['brazil','energy']",-0.5484339558152731,0.8980137524697802,-2.220372633905295,1.1155608871740663,0.0,0.0,gaussian
"beta_g['brazil','loudness']",0.4868806230082805,1.0319272968142081,-1.3403694985835315,2.390463274138527,0.0,0.0,gaussian
"beta_g['brazil','speechiness']",0.13170389053343734,0.35143348785596557,-0.5323453424715928,0.7844071873877962,0.0,0.0,gaussian
"beta_g['brazil','acousticness']",-0.2819767827689426,0.6011413698248819,-1.3852375764410891,0.8677683551531232,0.0,0.0,gaussian
"beta_g['brazil','instrumentalness']",1.1513422532194995,1.6101667277542366,-1.818954832487662,4.2529436994297525,0.0,0.0,gaussian
"beta_g['brazil','liveness']",-0.0868837397474954,0.29738942547113106,-0.6368573287537211,0.46450125427312655,0.0,0.0,gaussian
"beta_g['brazil','valence']",-0.5368542156945754,0.5789275630268522,-1.61356558433999,0.5901363583300183,0.0,0.0,gaussian
"beta_g['brazil','tempo']",0.02730963784091671,0.27552270094288844,-0.514975503026122,0.5586340077197148,0.0,0.0,gaussian
"beta_g['brazil','explicit']",0.06383567761543466,0.4428971216665305,-0.772161201989285,0.889733529440987,0.0,0.0,gaussian
alpha_g['breakbeat'],22.074817878603245,0.0,19.43731375906424,24.67552800452605,0.0,0.0,gaussian
"beta_g['breakbeat','danceability']",-3.4669599046043915,0.5862236743665208,-4.600543169031012,-2.3813911180716896,0.0,0.0,gaussian
"beta_g['breakbeat','energy']",-0.20944463995823556,0.9902960314455488,-1.9981247952120627,1.6517070381826293,0.0,0.0,gaussian
"beta_g['breakbeat','loudness']",1.7573359017878611,0.8099122337802636,0.18863596701524254,3.278178530476494,0.0,0.0,gaussian
"beta_g['breakbeat','speechiness']",-0.7179462597868805,0.4779998650488696,-1.602653221079636,0.17606084395943328,0.0,0.0,gaussian
"beta_g['breakbeat','acousticness']",0.46732225839388153,1.4727866633208735,-2.302554721293007,3.3366074933770276,0.0,0.0,gaussian
"beta_g['breakbeat','instrumentalness']",-0.053206309071388964,0.3990612843720955,-0.8154465596606859,0.73074346658336,0.0,0.0,gaussian
"beta_g['breakbeat','liveness']",0.03330231355896794,0.3594823744328377,-0.6047775102411578,0.7167662002848557,0.0,0.0,gaussian
"beta_g['breakbeat','valence']",-1.28376686209529,0.4614549355148981,-2.1250896084570265,-0.3872186693066663,0.0,0.0,gaussian
"beta_g['breakbeat','tempo']",-0.23551611200557526,0.30289098540216963,-0.8638359325431859,0.3010959236637419,0.0,0.0,gaussian
"beta_g['breakbeat','explicit']",1.246127330461711,0.49737128173189404,0.29401847684275306,2.152409773581192,0.0,0.0,gaussian
alpha_g['british'],49.49521973045327,0.0,48.32587594501198,50.647801435568496,0.0,0.0,gaussian
"beta_g['british','danceability']",-0.21798421623335518,0.5451764446940445,-1.2809836391614604,0.780183149532606,0.0,0.0,gaussian
"beta_g['british','energy']",-1.0110234356598617,0.8976915478261142,-2.7319464573678554,0.716883244768184,0.0,0.0,gaussian
"beta_g['british','loudness']",1.2103108111154692,0.736739060210892,-0.1747086790001685,2.5695181067486876,0.0,0.0,gaussian
"beta_g['british','speechiness']",-1.8715626576626627,0.8480800626921244,-3.483820898758379,-0.27728290717884635,0.0,0.0,gaussian
"beta_g['british','acousticness']",1.1137053817921578,0.5970252856566557,0.004930266650575946,2.20152357137676,0.0,0.0,gaussian
"beta_g['british','instrumentalness']",-4.974208179170627,0.5932963418287697,-6.093263288207747,-3.867209752560572,0.0,0.0,gaussian
"beta_g['british','liveness']",-0.6575883184159697,0.4563291280858377,-1.4792868703189863,0.2168377197695378,0.0,0.0,gaussian
"beta_g['british','valence']",1.7038735934914422,0.5629509254729408,0.5775081865142686,2.7598014543147498,0.0,0.0,gaussian
"beta_g['british','tempo']",0.024192368407986567,0.27920769384201716,-0.5242274149173085,0.5701252844067344,0.0,0.0,gaussian
"beta_g['british','explicit']",1.1357127752007707,0.565481199635559,0.12291863369646816,2.153805580266342,0.0,0.0,gaussian
alpha_g['cantopop'],34.14030960667538,0.0,32.13047581496091,36.11634342597964,0.0,0.0,gaussian
"beta_g['cantopop','danceability']",0.41530130989953007,0.5893838164231732,-0.6497987062400566,1.5117091997367422,0.0,0.0,gaussian
"beta_g['cantopop','energy']",-1.461214688624804,1.0550758770933697,-3.576594633611553,0.434505909923497,0.0,0.0,gaussian
"beta_g['cantopop','loudness']",4.076457114155088,0.8845787991165331,2.3480820259783712,5.6896832333563605,0.0,0.0,gaussian
"beta_g['cantopop','speechiness']",0.46286546335391965,1.0222115626022037,-1.3806404864191917,2.4337727575827732,0.0,0.0,gaussian
"beta_g['cantopop','acousticness']",2.5409994439885533,0.6340009610033353,1.3474962423842876,3.7444756920750986,0.0,0.0,gaussian
"beta_g['cantopop','instrumentalness']",0.9537026250581888,1.5368243039160465,-1.8186511596770711,3.7352750291555443,0.0,0.0,gaussian
"beta_g['cantopop','liveness']",-0.7890280983679133,0.4162855853066308,-1.5697131067119576,-0.025330688622424023,0.0,0.0,gaussian
"beta_g['cantopop','valence']",-0.8162673691924933,0.6295877943337121,-1.9429524165891139,0.3585131486369869,0.0,0.0,gaussian
"beta_g['cantopop','tempo']",0.2069521541056125,0.28513951061045273,-0.3195819809122255,0.7859535607625879,0.0,0.0,gaussian
"beta_g['cantopop','explicit']",0.04172694458336092,1.1075343781143905,-2.0217541766875016,2.071089833990387,0.0,0.0,gaussian
alpha_g['chicago-house'],14.538910040083252,0.0,11.686210475408645,17.52007628980121,0.0,0.0,gaussian
"beta_g['chicago-house','danceability']",-0.16138286189113638,0.8126719296332446,-1.6804447112159524,1.3428657568699902,0.0,0.0,gaussian
"beta_g['chicago-house','energy']",-1.510507344387125,0.771335197948006,-2.9778220950606724,-0.06624747589306763,0.0,0.0,gaussian
"beta_g['chicago-house','loudness']",0.9840904246009806,0.7657097754304055,-0.5155499544933738,2.423789913144119,0.0,0.0,gaussian
"beta_g['chicago-house','speechiness']",-1.061417539616309,0.6003773464298743,-2.201484300408985,0.06515872107210796,0.0,0.0,gaussian
"beta_g['chicago-house','acousticness']",0.5125642917515165,1.31320515302973,-1.8552175851705586,3.0636974899614744,0.0,0.0,gaussian
"beta_g['chicago-house','instrumentalness']",-0.5846719260067108,0.36034034139336024,-1.247730802503244,0.10577358596013607,0.0,0.0,gaussian
"beta_g['chicago-house','liveness']",0.1551169356235072,0.45521145287807324,-0.7155324161998564,1.0060380453541364,0.0,0.0,gaussian
"beta_g['chicago-house','valence']",-0.5020746720212088,0.4447071460284791,-1.352596164924056,0.3507717741077449,0.0,0.0,gaussian
"beta_g['chicago-house','tempo']",-0.06733207146621512,0.32441204820431446,-0.693057313322082,0.5617489217638437,0.0,0.0,gaussian
"beta_g['chicago-house','explicit']",-0.07805268894440118,0.6886138338098764,-1.3919322773613854,1.2092642193010943,0.0,0.0,gaussian
alpha_g['children'],49.21214728361087,0.0,39.58784607500286,59.17101021854485,0.0,0.0,gaussian
"beta_g['children','danceability']",0.28165704462688873,1.5721500277054081,-2.8488594101266687,3.3535474126140223,0.0,0.0,gaussian
"beta_g['children','energy']",-2.050342188128655,2.2332144518891552,-6.20793550390287,2.093244274835944,0.0,0.0,gaussian
"beta_g['children','loudness']",0.09134261668072308,2.749663582398569,-4.905299700106066,5.22505377509229,0.0,0.0,gaussian
"beta_g['children','speechiness']",-0.35750247897916554,1.1905306894900944,-2.6254988811033897,1.8667264759447368,0.0,0.0,gaussian
"beta_g['children','acousticness']",0.2254437427534068,1.902971842607801,-3.3072814241466792,3.7675130990367656,0.0,0.0,gaussian
"beta_g['children','instrumentalness']",-0.11258204069483108,2.0072849160458723,-4.032750279295234,3.6807622127293076,0.0,0.0,gaussian
"beta_g['children','liveness']",-0.439202797081993,0.6724359974619193,-1.732091358293126,0.8373408362286169,0.0,0.0,gaussian
"beta_g['children','valence']",-0.5876241992164191,1.3456699271103882,-3.159803946307522,1.85366854156546,0.0,0.0,gaussian
"beta_g['children','tempo']",-0.02497052862437439,0.3691424796650878,-0.7241969631277079,0.6964508719979361,0.0,0.0,gaussian
"beta_g['children','explicit']",0.518216218963934,1.1422134475651133,-1.6769696108271905,2.601132882407549,0.0,0.0,gaussian
alpha_g['chill'],54.172840261949844,0.0,52.639702389996955,55.6725580521214,0.0,0.0,gaussian
"beta_g['chill','danceability']",1.2227601963262653,0.5946596254869375,0.10434355215562612,2.314147394894628,0.0,0.0,gaussian
"beta_g['chill','energy']",-0.705768686519425,0.8734338768848935,-2.4197870506665775,0.880248373948457,0.0,0.0,gaussian
"beta_g['chill','loudness']",0.3476103107595885,0.7425213190421938,-1.06395466898594,1.7030745200054225,0.0,0.0,gaussian
"beta_g['chill','speechiness']",0.5591191543250913,0.3390243730207747,-0.07287588198766425,1.182499575467979,0.0,0.0,gaussian
"beta_g['chill','acousticness']",-0.22638660547430253,0.5600815136177707,-1.3081875768970062,0.79269465746687,0.0,0.0,gaussian
"beta_g['chill','instrumentalness']",-0.4886868757967554,0.4470670999164675,-1.3376377980250407,0.39644605662641874,0.0,0.0,gaussian
"beta_g['chill','liveness']",-0.2535864585693184,0.4692946496307884,-1.102375637602212,0.64914386543026,0.0,0.0,gaussian
"beta_g['chill','valence']",-0.31902834219176257,0.5641584700307866,-1.4040234485116059,0.7361505820119619,0.0,0.0,gaussian
"beta_g['chill','tempo']",-0.01274972967075986,0.26701653052420843,-0.5150453632305599,0.4823841276976752,0.0,0.0,gaussian
"beta_g['chill','explicit']",1.0439549282464484,0.3120291500545675,0.4503784243521516,1.6459466378956715,0.0,0.0,gaussian
alpha_g['classical'],42.016248620010366,0.0,38.0851497232989,45.939169411426576,0.0,0.0,gaussian
"beta_g['classical','danceability']",1.1997735025145915,0.7097355647091609,-0.18111857399571313,2.579715309565287,0.0,0.0,gaussian
"beta_g['classical','energy']",8.584195623342273,1.2797247293345686,6.123312369173991,11.02127725138567,0.0,0.0,gaussian
"beta_g['classical','loudness']",-0.5304812628300796,0.634459509789958,-1.7300622112032167,0.6280560995295347,0.0,0.0,gaussian
"beta_g['classical','speechiness']",1.526877278576356,0.6997403136361602,0.16749640569881086,2.83963326067825,0.0,0.0,gaussian
"beta_g['classical','acousticness']",-1.6997174714135608,1.1990143883930433,-3.9576284046021213,0.5917584000580662,0.0,0.0,gaussian
"beta_g['classical','instrumentalness']",-1.481156456880281,0.5775824449821817,-2.5848196712305724,-0.4021169412383176,0.0,0.0,gaussian
"beta_g['classical','liveness']",-0.6155507100523494,0.5365560776723505,-1.6409920754473484,0.3984327319160626,0.0,0.0,gaussian
"beta_g['classical','valence']",-3.976910042008294,0.6329205004753033,-5.121676295050833,-2.7873629447516586,0.0,0.0,gaussian
"beta_g['classical','tempo']",0.21904185178177726,0.3058129763882813,-0.3265332352599248,0.8268709337166195,0.0,0.0,gaussian
"beta_g['classical','explicit']",0.5478100225312303,1.1691467078597253,-1.7172834427051669,2.695920247083955,0.0,0.0,gaussian
alpha_g['club'],32.904190920036626,0.0,31.86247842254901,33.94260010305949,0.0,0.0,gaussian
"beta_g['club','danceability']",1.3604747314271939,0.4335858710364707,0.530954096331702,2.1476349815744604,0.0,0.0,gaussian
"beta_g['club','energy']",-1.0133519985965318,0.7779373011807824,-2.4739481051647156,0.4273725477530571,0.0,0.0,gaussian
"beta_g['club','loudness']",3.472647295293026,0.838814302422496,1.8968086442719063,5.072807742411415,0.0,0.0,gaussian
"beta_g['club','speechiness']",-2.245607125821808,0.3506177828470207,-2.9059676340174425,-1.5795251587752945,0.0,0.0,gaussian
"beta_g['club','acousticness']",0.0046809783315925274,0.6384479624795969,-1.166394921926182,1.2365896389411482,0.0,0.0,gaussian
"beta_g['club','instrumentalness']",-1.0654660349650336,0.3966957089234527,-1.8352859025821515,-0.33000365762191625,0.0,0.0,gaussian
"beta_g['club','liveness']",-0.8185093068757915,0.3904342314705664,-1.5190388112544364,-0.0774879018776373,0.0,0.0,gaussian
"beta_g['club','valence']",-1.28118701907303,0.47616900329359896,-2.165125975246297,-0.4077449119660726,0.0,0.0,gaussian
"beta_g['club','tempo']",-0.38791379757102806,0.3172530973591423,-1.021669546600714,0.13808536262184049,0.0,0.0,gaussian
"beta_g['club','explicit']",0.06771739881550634,0.4163333936732769,-0.7091576369798134,0.8330507062452228,0.0,0.0,gaussian
alpha_g['comedy'],31.91729460235142,0.0,14.247510036621053,48.51171320815616,0.0,0.0,gaussian
"beta_g['comedy','danceability']",0.59784365851515,1.6013787221883564,-2.56125903040141,3.5927971862658996,0.0,0.0,gaussian
"beta_g['comedy','energy']",-0.6225893458646173,2.380378272749074,-5.078633076880383,4.003037773631209,0.0,0.0,gaussian
"beta_g['comedy','loudness']",1.5603836387586725,3.502135462706498,-5.1362178111012255,7.945560010565625,0.0,0.0,gaussian
"beta_g['comedy','speechiness']",-0.3020114113895195,1.3050198894359804,-2.7254424323881214,2.0907635419946478,0.0,0.0,gaussian
"beta_g['comedy','acousticness']",-0.481888519644228,1.929256228827328,-4.202480235374308,3.08986978282271,0.0,0.0,gaussian
"beta_g['comedy','instrumentalness']",0.13458889998339638,2.152643679084459,-3.930073368040877,4.150156356058125,0.0,0.0,gaussian
"beta_g['comedy','liveness']",-0.45770559011087647,0.673077121832093,-1.716996937463883,0.8246880597070387,0.0,0.0,gaussian
"beta_g['comedy','valence']",-0.43185278456179294,1.4505140323097176,-3.3157326810585714,2.2885599189146317,0.0,0.0,gaussian
"beta_g['comedy','tempo']",-0.017825492896451373,0.3587925092254588,-0.7056156060986921,0.6830468011175195,0.0,0.0,gaussian
"beta_g['comedy','explicit']",0.6034882354031492,1.2485263865882226,-1.7169906059791227,3.0654953505954077,0.0,0.0,gaussian
alpha_g['country'],42.44581532340217,0.0,40.015652595420896,44.861437006011954,0.0,0.0,gaussian
"beta_g['country','danceability']",1.8562546578096935,0.868994324274207,0.2357541914622831,3.49770709751193,0.0,0.0,gaussian
"beta_g['country','energy']",0.30467993413457883,1.3251940244230513,-2.150186033281814,2.745185366847268,0.0,0.0,gaussian
"beta_g['country','loudness']",-7.2095890974179575,1.323107356829112,-9.65414045874912,-4.767540750331344,0.0,0.0,gaussian
"beta_g['country','speechiness']",-0.5234661038724403,1.0451285070186063,-2.4807930952414092,1.4222740916462573,0.0,0.0,gaussian
"beta_g['country','acousticness']",-1.6706482882931166,0.9758628406815638,-3.5156876097087655,0.1341493056411233,0.0,0.0,gaussian
"beta_g['country','instrumentalness']",0.39219089855434264,1.7532065817018325,-2.8998727958741872,3.586932414306268,0.0,0.0,gaussian
"beta_g['country','liveness']",0.06258018235965976,0.563259403147007,-0.9925398691390617,1.1383627115007386,0.0,0.0,gaussian
"beta_g['country','valence']",-0.011818785447581007,0.7900807740183694,-1.5165441638371377,1.517308269262008,0.0,0.0,gaussian
"beta_g['country','tempo']",-0.24945624234689254,0.32651998279223887,-0.9070754294780841,0.33457748349656685,0.0,0.0,gaussian
"beta_g['country','explicit']",0.30000418698465653,0.6962821896998022,-0.9971618791691926,1.6049904946446063,0.0,0.0,gaussian
alpha_g['dance'],42.578484485292236,0.0,39.85300774804416,45.245586541977275,0.0,0.0,gaussian
"beta_g['dance','danceability']",-0.8890894958709313,0.841885809269418,-2.4669144043271563,0.6656494549439945,0.0,0.0,gaussian
"beta_g['dance','energy']",-8.427581723053388,1.316471104655007,-10.870554752008898,-5.954914094241833,0.0,0.0,gaussian
"beta_g['dance','loudness']",10.573224856608139,1.7732099141356177,7.178964497104344,13.792748428013006,0.0,0.0,gaussian
"beta_g['dance','speechiness']",0.1956271767407782,0.61322020632048,-1.0193695459283816,1.3675397591777432,0.0,0.0,gaussian
"beta_g['dance','acousticness']",2.486736873424487,1.02085570114351,0.5881859795383515,4.434052437534544,0.0,0.0,gaussian
"beta_g['dance','instrumentalness']",1.1257110637743086,1.6170087665337822,-1.880448570151244,4.300825963066391,0.0,0.0,gaussian
"beta_g['dance','liveness']",-0.9320742403108558,0.5917515618247239,-2.053012172852156,0.13499958848681604,0.0,0.0,gaussian
"beta_g['dance','valence']",-1.3596338296203578,0.698284747305941,-2.682515309679237,-0.10585529379619704,0.0,0.0,gaussian
"beta_g['dance','tempo']",0.04917910659786357,0.30877487476435106,-0.5375155702967948,0.6550410118137533,0.0,0.0,gaussian
"beta_g['dance','explicit']",1.6641890812526678,0.4218043592047064,0.8565748996290684,2.425188771399516,0.0,0.0,gaussian
alpha_g['dancehall'],40.90534992341063,0.0,38.09654223283301,43.53644236472372,0.0,0.0,gaussian
"beta_g['dancehall','danceability']",0.19926506990211257,0.6729346913111016,-1.0622686056818296,1.4126118425172285,0.0,0.0,gaussian
"beta_g['dancehall','energy']",-4.104193480482401,1.0124322894398197,-5.964723423198435,-2.1481701011911762,0.0,0.0,gaussian
"beta_g['dancehall','loudness']",4.421887314730876,1.1113074784056374,2.363872485104337,6.471396106179005,0.0,0.0,gaussian
"beta_g['dancehall','speechiness']",-1.8783737136380023,0.2990194407635812,-2.4396184405391748,-1.3251561216804224,0.0,0.0,gaussian
"beta_g['dancehall','acousticness']",-1.0378901019199844,0.7040515422821749,-2.3704739322969917,0.2661045850200259,0.0,0.0,gaussian
"beta_g['dancehall','instrumentalness']",4.095980376741488,1.879742468609516,0.69920420639305,7.831244130823262,0.0,0.0,gaussian
"beta_g['dancehall','liveness']",-1.3018511413359708,0.5242229477765734,-2.267695736311512,-0.3618250308984638,0.0,0.0,gaussian
"beta_g['dancehall','valence']",1.202624382001509,0.616580049784273,0.10471670388914046,2.333330370945963,0.0,0.0,gaussian
"beta_g['dancehall','tempo']",0.28259265971575775,0.29496786687688487,-0.23310459200018127,0.869632890597154,0.0,0.0,gaussian
"beta_g['dancehall','explicit']",0.8344433300088107,0.2896485175960909,0.3004272838278336,1.371959449438254,0.0,0.0,gaussian
alpha_g['death-metal'],35.55188291342188,0.0,31.911261691502855,39.27658178768237,0.0,0.0,gaussian
"beta_g['death-metal','danceability']",0.5104699454382653,0.6366335141776877,-0.6990649049991479,1.6936539862483577,0.0,0.0,gaussian
"beta_g['death-metal','energy']",-1.9265536986528418,1.1950913967504353,-4.2562073044235555,0.3357401555406167,0.0,0.0,gaussian
"beta_g['death-metal','loudness']",3.4644708974845586,1.0445030985550958,1.524131239732737,5.384127822129817,0.0,0.0,gaussian
"beta_g['death-metal','speechiness']",-1.7847498285944594,0.5755526696466704,-2.887581622767571,-0.7097559922137836,0.0,0.0,gaussian
"beta_g['death-metal','acousticness']",0.6287266823354802,1.6661215767773159,-2.625781096410957,3.698702275678141,0.0,0.0,gaussian
"beta_g['death-metal','instrumentalness']",-0.6674840855676019,0.4455109440059556,-1.5287214383093044,0.17131540858960675,0.0,0.0,gaussian
"beta_g['death-metal','liveness']",-1.7067827100791522,0.40690065155562516,-2.4684348289266325,-0.9798142970779218,0.0,0.0,gaussian
"beta_g['death-metal','valence']",-0.5117630342644034,0.6870048226528057,-1.8533008667667303,0.7707431263521878,0.0,0.0,gaussian
"beta_g['death-metal','tempo']",0.00626285888184042,0.27088018558954413,-0.5284570834109085,0.5362902876654233,0.0,0.0,gaussian
"beta_g['death-metal','explicit']",-0.4284221057665054,0.2821940313663596,-0.9731902957843014,0.08578245794663657,0.0,0.0,gaussian
alpha_g['deep-house'],50.84727358262234,0.0,49.02611571887263,52.82041265091979,0.0,0.0,gaussian
"beta_g['deep-house','danceability']",-1.0842436330699425,0.7528109628112286,-2.4789615660636124,0.3594351718973463,0.0,0.0,gaussian
"beta_g['deep-house','energy']",-0.26837403539836896,1.000690604588223,-2.100014707079715,1.6472267628027224,0.0,0.0,gaussian
"beta_g['deep-house','loudness']",0.7849513223916315,1.1907851170034476,-1.4032047916447665,2.967610557259697,0.0,0.0,gaussian
"beta_g['deep-house','speechiness']",-0.7527423325498945,0.6944520237944928,-2.0694551092411113,0.5511729044992362,0.0,0.0,gaussian
"beta_g['deep-house','acousticness']",0.9561033460749152,0.9161753193380668,-0.7289187345384284,2.750471477453548,0.0,0.0,gaussian
"beta_g['deep-house','instrumentalness']",-2.009306608695297,0.4697875852967388,-2.89143400273502,-1.1126254238946784,0.0,0.0,gaussian
"beta_g['deep-house','liveness']",-0.27396895497409995,0.4481006856488235,-1.1256903424845255,0.5316792300630138,0.0,0.0,gaussian
"beta_g['deep-house','valence']",-0.9116298704342395,0.5019994030364526,-1.8380208450017288,0.02430643541428356,0.0,0.0,gaussian
"beta_g['deep-house','tempo']",-0.10085631181825064,0.33910066307583214,-0.812493124696336,0.506242940667452,0.0,0.0,gaussian
"beta_g['deep-house','explicit']",0.4534829219761495,0.6080060292658569,-0.6884954832552339,1.6022640817989888,0.0,0.0,gaussian
alpha_g['detroit-techno'],15.571435222834511,0.0,13.026060988724717,18.099409613356045,0.0,0.0,gaussian
"beta_g['detroit-techno','danceability']",-0.16250524460517593,0.6288586568232148,-1.3323018729755225,1.069839982749124,0.0,0.0,gaussian
"beta_g['detroit-techno','energy']",-1.550113121497519,0.7115997469776337,-2.9053773559544247,-0.24199323720373836,0.0,0.0,gaussian
"beta_g['detroit-techno','loudness']",0.8365045687530864,0.7048051866983011,-0.49474284504860694,2.172287202979007,0.0,0.0,gaussian
"beta_g['detroit-techno','speechiness']",-0.6643220348056449,0.6034490634347315,-1.813836177482978,0.4526756683937106,0.0,0.0,gaussian
"beta_g['detroit-techno','acousticness']",2.101830516878384,0.9472067940257988,0.2949381448542211,3.814572921372057,0.0,0.0,gaussian
"beta_g['detroit-techno','instrumentalness']",-0.786039677916346,0.4189889872048573,-1.584973580025879,0.020398310642716144,0.0,0.0,gaussian
"beta_g['detroit-techno','liveness']",-0.1319800873479371,0.4177453196114021,-0.9152177915144364,0.6658195795182078,0.0,0.0,gaussian
"beta_g['detroit-techno','valence']",0.3518484693686402,0.4098956941577716,-0.4182063664884163,1.1214689029902354,0.0,0.0,gaussian
"beta_g['detroit-techno','tempo']",-0.02527547749686821,0.35495203175185985,-0.702863925421473,0.6663104920758047,0.0,0.0,gaussian
"beta_g['detroit-techno','explicit']",2.1592677954887542,0.9321934749140306,0.45923394896382386,3.867166585984247,0.0,0.0,gaussian
alpha_g['disco'],43.43610832463397,0.0,41.798976488268146,45.031677582648356,0.0,0.0,gaussian
"beta_g['disco','danceability']",1.726897799434392,0.722814965060593,0.3103620778868183,3.0994321800971987,0.0,0.0,gaussian
"beta_g['disco','energy']",-1.8026571325526146,1.0767654265491988,-3.785805656105056,0.1660650927274321,0.0,0.0,gaussian
"beta_g['disco','loudness']",-4.324297030381676,0.9993205983473546,-6.165714892149615,-2.494583036340497,0.0,0.0,gaussian
"beta_g['disco','speechiness']",-2.287751866481131,0.6864823493743696,-3.611215224186197,-1.0420263372974223,0.0,0.0,gaussian
"beta_g['disco','acousticness']",-0.021733545726337514,0.9210537958763965,-1.7054407925758952,1.6782151509658612,0.0,0.0,gaussian
"beta_g['disco','instrumentalness']",0.8526150409289197,0.8343704638890139,-0.6757764144397467,2.3528036303485598,0.0,0.0,gaussian
"beta_g['disco','liveness']",0.22474350806879428,0.49370113690398415,-0.7357918430620854,1.1541288919616746,0.0,0.0,gaussian
"beta_g['disco','valence']",-0.9539867402344844,0.5777228012211043,-2.0993746370822612,0.12287719964871818,0.0,0.0,gaussian
"beta_g['disco','tempo']",-0.42782458023326597,0.3540354388483718,-1.1777942336670024,0.1474877340623638,0.0,0.0,gaussian
"beta_g['disco','explicit']",0.21415871993162167,1.023252448538448,-1.6981633929827693,2.0931006552140388,0.0,0.0,gaussian
alpha_g['disney'],30.938038522310176,0.0,29.22946291660729,32.724577299620535,0.0,0.0,gaussian
"beta_g['disney','danceability']",-0.41843109727428734,0.4655281832602344,-1.3006202803156524,0.43528705804940054,0.0,0.0,gaussian
"beta_g['disney','energy']",0.21944122837532837,0.9571948926152909,-1.5056963307793356,2.050663469066603,0.0,0.0,gaussian
"beta_g['disney','loudness']",0.40931365637982164,0.5597242509709591,-0.6053774343674265,1.4448317724114428,0.0,0.0,gaussian
"beta_g['disney','speechiness']",-0.6671961575161037,0.4314358033307392,-1.4450672167759093,0.1546238810275455,0.0,0.0,gaussian
"beta_g['disney','acousticness']",-1.2684373409884138,0.7324326020268375,-2.656913288005762,0.07510145526211472,0.0,0.0,gaussian
"beta_g['disney','instrumentalness']",-1.525446390091579,0.39384510565035014,-2.271087131576794,-0.7858944067328434,0.0,0.0,gaussian
"beta_g['disney','liveness']",-0.11779746134305062,0.47432787882110317,-0.9731381856069918,0.7773651359142215,0.0,0.0,gaussian
"beta_g['disney','valence']",-0.2905688222807785,0.5452138095849537,-1.287379654884052,0.7650397438179503,0.0,0.0,gaussian
"beta_g['disney','tempo']",0.005417853906358561,0.24472461186105207,-0.4827101015395283,0.46800201719140166,0.0,0.0,gaussian
"beta_g['disney','explicit']",0.24283927875661804,1.118843189758462,-1.8921831755929,2.213841999963937,0.0,0.0,gaussian
alpha_g['drum-and-bass'],29.93926649204624,0.0,26.80049763832295,32.93991603964043,0.0,0.0,gaussian
"beta_g['drum-and-bass','danceability']",-2.0887164496870634,0.6697257926631072,-3.3802971991149273,-0.8660887725343169,0.0,0.0,gaussian
"beta_g['drum-and-bass','energy']",-1.7018899769006806,1.1708978901870146,-3.9422668964703487,0.4619122710133799,0.0,0.0,gaussian
"beta_g['drum-and-bass','loudness']",4.495731870765118,0.9425855450013422,2.6891195725251755,6.2877467583857864,0.0,0.0,gaussian
"beta_g['drum-and-bass','speechiness']",-1.692034034707678,0.4151875508663612,-2.4627751363071333,-0.8895411521383648,0.0,0.0,gaussian
"beta_g['drum-and-bass','acousticness']",4.319240539479584,1.6500344649647558,1.2334426399436462,7.467464350945015,0.0,0.0,gaussian
"beta_g['drum-and-bass','instrumentalness']",-3.2171777071031737,0.38123781250386185,-3.9122135131308013,-2.503531496760106,0.0,0.0,gaussian
"beta_g['drum-and-bass','liveness']",-0.49894379481528905,0.39253432746118816,-1.247198890640722,0.23286618026273334,0.0,0.0,gaussian
"beta_g['drum-and-bass','valence']",-0.8726474594756218,0.5223862026799571,-1.8489797310859477,0.11276516514386406,0.0,0.0,gaussian
"beta_g['drum-and-bass','tempo']",0.04696872542216486,0.2665122404844079,-0.4508108373906694,0.6081268763710727,0.0,0.0,gaussian
"beta_g['drum-and-bass','explicit']",1.350414597361824,0.623058635639801,0.2011860088249275,2.540892282098469,0.0,0.0,gaussian
alpha_g['dub'],39.639503697310154,0.0,38.29960460769923,41.01996212226553,0.0,0.0,gaussian
"beta_g['dub','danceability']",-1.437188636331944,0.590673982167514,-2.593230789497709,-0.361291732738849,0.0,0.0,gaussian
"beta_g['dub','energy']",-0.5255496495298387,1.0008220332428488,-2.446197045320271,1.3253966739742797,0.0,0.0,gaussian
"beta_g['dub','loudness']",4.359797081599169,1.0842435743838925,2.431254287976167,6.479953882112818,0.0,0.0,gaussian
"beta_g['dub','speechiness']",-0.392920274965583,0.39886684011160906,-1.1150467632890744,0.36594366537552225,0.0,0.0,gaussian
"beta_g['dub','acousticness']",0.32076086397528764,0.8239976685590724,-1.2197586994020688,1.9713846803398516,0.0,0.0,gaussian
"beta_g['dub','instrumentalness']",-1.514391840583364,0.6541209857986963,-2.7460221969429623,-0.3120403761728597,0.0,0.0,gaussian
"beta_g['dub','liveness']",-1.0455173683271979,0.42127158602144327,-1.8790519379689208,-0.24271375109586457,0.0,0.0,gaussian
"beta_g['dub','valence']",-2.2796776039421767,0.6102426987490461,-3.433517072455606,-1.13537807353621,0.0,0.0,gaussian
"beta_g['dub','tempo']",0.2014119014822586,0.2640079701010766,-0.2632394727268675,0.7415276277100403,0.0,0.0,gaussian
"beta_g['dub','explicit']",0.45421706128579276,0.4339208800504391,-0.34762890634064325,1.2620938211775214,0.0,0.0,gaussian
alpha_g['dubstep'],38.13490295294251,0.0,35.054011202447626,41.14400124214245,0.0,0.0,gaussian
"beta_g['dubstep','danceability']",-0.043132781240557035,0.9100768592492625,-1.716549720493234,1.6611976643809627,0.0,0.0,gaussian
"beta_g['dubstep','energy']",-0.1753059974705277,1.568503013888955,-3.0954517354555766,2.737324181552277,0.0,0.0,gaussian
"beta_g['dubstep','loudness']",1.2368545784536409,1.7017146453359209,-1.953802315662032,4.441972863940063,0.0,0.0,gaussian
"beta_g['dubstep','speechiness']",-0.05320976373587349,0.5430270313881246,-1.0496857536162958,0.955878486377257,0.0,0.0,gaussian
"beta_g['dubstep','acousticness']",-0.5683064490139135,1.3693638611655095,-3.051635114015852,2.0064569370890086,0.0,0.0,gaussian
"beta_g['dubstep','instrumentalness']",-0.17210862751463105,0.930989934345097,-1.9553815044654577,1.5432480346270465,0.0,0.0,gaussian
"beta_g['dubstep','liveness']",-0.3517044565650734,0.5821602293590312,-1.4440229957689916,0.7060902469790808,0.0,0.0,gaussian
"beta_g['dubstep','valence']",-0.3772871413374037,0.9691094447423627,-2.199678795554325,1.4205804839685179,0.0,0.0,gaussian
"beta_g['dubstep','tempo']",-0.03698373998634148,0.343430502136534,-0.7091114312298021,0.600707429519992,0.0,0.0,gaussian
"beta_g['dubstep','explicit']",0.026544846287945522,0.6272523268079546,-1.149294626578693,1.20262874228858,0.0,0.0,gaussian
alpha_g['edm'],55.39248676531032,0.0,53.14814404207241,57.61244220506956,0.0,0.0,gaussian
"beta_g['edm','danceability']",-1.2144715959367263,0.8184656676586773,-2.8072830309537546,0.3188822998786514,0.0,0.0,gaussian
"beta_g['edm','energy']",-3.799499120140496,1.2809807844174457,-6.153161849006305,-1.4295662669001947,0.0,0.0,gaussian
"beta_g['edm','loudness']",7.095415459880086,1.4898355130562322,4.3940941189873195,9.781731971877056,0.0,0.0,gaussian
"beta_g['edm','speechiness']",1.5373561236548563,0.6876886304345708,0.2177145091292325,2.8508133302417695,0.0,0.0,gaussian
"beta_g['edm','acousticness']",0.8000798813953449,1.1537856472973624,-1.4570242016087724,2.914705933072799,0.0,0.0,gaussian
"beta_g['edm','instrumentalness']",-0.0635294342145615,1.0567447810752169,-2.0337058231795733,1.9852710703685612,0.0,0.0,gaussian
"beta_g['edm','liveness']",-0.14183641283525053,0.5149363250730826,-1.0425440594679372,0.8411614597482857,0.0,0.0,gaussian
"beta_g['edm','valence']",-0.5797515064508679,0.7279241488070451,-1.952851254914099,0.7649087336051729,0.0,0.0,gaussian
"beta_g['edm','tempo']",0.024760662708430872,0.3157686996608194,-0.5547774684603566,0.6416030837552462,0.0,0.0,gaussian
"beta_g['edm','explicit']",-0.1113107264341068,0.509312968772702,-1.0747534809007657,0.846148474811109,0.0,0.0,gaussian
alpha_g['electro'],55.06264101127976,0.0,53.03515846500013,57.20540578680112,0.0,0.0,gaussian
"beta_g['electro','danceability']",-0.5216078968639304,0.7975424155517794,-2.012829161436736,0.8888836996997372,0.0,0.0,gaussian
"beta_g['electro','energy']",-4.899496231373325,1.3643082725151665,-7.54333711448083,-2.430140280818634,0.0,0.0,gaussian
"beta_g['electro','loudness']",0.23743269345484858,1.7954438809126338,-3.0762426704845596,3.6140342936317653,0.0,0.0,gaussian
"beta_g['electro','speechiness']",-4.088923535156693,0.6186537269262828,-5.244412998303659,-2.8976499873345034,0.0,0.0,gaussian
"beta_g['electro','acousticness']",0.7951907287076125,0.9107570439612909,-0.8607717075391886,2.59404265434188,0.0,0.0,gaussian
"beta_g['electro','instrumentalness']",0.5657072699162133,1.1949647722262953,-1.6937719272971323,2.76430364022746,0.0,0.0,gaussian
"beta_g['electro','liveness']",-0.34226836951736056,0.578793489590066,-1.4342269870779436,0.734212414790414,0.0,0.0,gaussian
"beta_g['electro','valence']",-0.7632330984291206,0.7658095455081078,-2.1678431064036863,0.6981870936628037,0.0,0.0,gaussian
"beta_g['electro','tempo']",0.12112101710952877,0.3244831891664149,-0.4741120291303227,0.7437562417727906,0.0,0.0,gaussian
"beta_g['electro','explicit']",2.136552373656841,0.4517262990556041,1.2680983390044742,3.0159092722668537,0.0,0.0,gaussian
alpha_g['electronic'],43.62573356881102,0.0,42.40009777067273,44.85084365470738,0.0,0.0,gaussian
"beta_g['electronic','danceability']",0.8472574496586891,0.6257725659938288,-0.3387672186440328,2.075897726457467,0.0,0.0,gaussian
"beta_g['electronic','energy']",-0.09365936934176064,0.9071317744081476,-1.7590586468155707,1.5685273181320563,0.0,0.0,gaussian
"beta_g['electronic','loudness']",2.729983861424581,1.0596742408624933,0.736863149173636,4.66979399219371,0.0,0.0,gaussian
"beta_g['electronic','speechiness']",-0.5257321953010764,0.44467423035484127,-1.3692626816036066,0.3032347364724798,0.0,0.0,gaussian
"beta_g['electronic','acousticness']",-0.5873921701973314,0.7319795163872725,-1.8956531721838206,0.792277300319747,0.0,0.0,gaussian
"beta_g['electronic','instrumentalness']",1.075270147411779,0.5109886433508584,0.06763585165091036,2.018897386830236,0.0,0.0,gaussian
"beta_g['electronic','liveness']",-0.6663007485307434,0.43650904213266617,-1.4533463056047193,0.13424007292955764,0.0,0.0,gaussian
"beta_g['electronic','valence']",-1.962373869692395,0.5134518931555615,-2.8958445405949043,-0.9827516043987423,0.0,0.0,gaussian
"beta_g['electronic','tempo']",-0.04944670197655573,0.3054315758789554,-0.6556754778488992,0.5447542892772201,0.0,0.0,gaussian
"beta_g['electronic','explicit']",1.0070539735819939,0.38264856073013104,0.3017259891126037,1.7132974771494325,0.0,0.0,gaussian
alpha_g['emo'],48.11600429681143,0.0,46.65718267442881,49.50120643172581,0.0,0.0,gaussian
"beta_g['emo','danceability']",-0.22748387581684085,0.5327198152924194,-1.2419268837790685,0.7987052397477693,0.0,0.0,gaussian
"beta_g['emo','energy']",-4.355851047089466,0.881081461493486,-6.057756487136945,-2.6445879218053876,0.0,0.0,gaussian
"beta_g['emo','loudness']",3.003826853146555,1.0462368555229649,1.0625524382353573,5.028981191300917,0.0,0.0,gaussian
"beta_g['emo','speechiness']",-0.4859056731945443,0.3478184900358095,-1.1473870208316377,0.15676734693186806,0.0,0.0,gaussian
"beta_g['emo','acousticness']",0.45587844140178563,0.6970361999434329,-0.8755809155376892,1.7603660853897378,0.0,0.0,gaussian
"beta_g['emo','instrumentalness']",1.1866403273418218,1.0200865423236476,-0.742640535284125,3.1067116771167367,0.0,0.0,gaussian
"beta_g['emo','liveness']",-0.6254861291561534,0.4608676825023257,-1.5080099258328825,0.20833627258468645,0.0,0.0,gaussian
"beta_g['emo','valence']",-0.6562054223100635,0.5457576785565357,-1.688481069481381,0.35105790380452695,0.0,0.0,gaussian
"beta_g['emo','tempo']",0.058446901646793684,0.269257394338601,-0.4611546858068481,0.6057948980008108,0.0,0.0,gaussian
"beta_g['emo','explicit']",1.6046253313959478,0.29024035490514505,1.053275099712646,2.1651154690031573,0.0,0.0,gaussian
alpha_g['folk'],47.37527244663974,0.0,45.98723394897793,48.95668162455072,0.0,0.0,gaussian
"beta_g['folk','danceability']",-0.3280789857797043,0.6149802193140471,-1.4802985543319056,0.828992695820667,0.0,0.0,gaussian
"beta_g['folk','energy']",-2.3281699206525515,1.012059488216956,-4.276949834313599,-0.4381690785161542,0.0,0.0,gaussian
"beta_g['folk','loudness']",0.4889592757274016,0.9776148855709967,-1.383420988307126,2.3116089517558893,0.0,0.0,gaussian
"beta_g['folk','speechiness']",-1.3356508388513029,0.5535814454236888,-2.3976185997256865,-0.3221483134910593,0.0,0.0,gaussian
"beta_g['folk','acousticness']",-0.5530087314588904,0.6479383674067329,-1.7876740469429746,0.6765364561158014,0.0,0.0,gaussian
"beta_g['folk','instrumentalness']",1.4563778807413699,0.9776092626253476,-0.3644989941103553,3.2710062179061317,0.0,0.0,gaussian
"beta_g['folk','liveness']",-0.9047652596427666,0.46803619257657314,-1.8089074516010315,-0.05192610430342975,0.0,0.0,gaussian
"beta_g['folk','valence']",-1.354688292824008,0.5624235443922901,-2.4296989028440494,-0.29214233580288473,0.0,0.0,gaussian
"beta_g['folk','tempo']",-0.1665748729916795,0.3014275155467099,-0.7797772075054574,0.3794555884920547,0.0,0.0,gaussian
"beta_g['folk','explicit']",1.2291800322983513,1.1258361988938144,-0.8468071666930943,3.300604740182968,0.0,0.0,gaussian
alpha_g['forro'],41.53854800453298,0.0,38.922621029715955,44.18802537674064,0.0,0.0,gaussian
"beta_g['forro','danceability']",-0.29826689331039247,0.6673534062203363,-1.4829585998870245,0.9278229603505163,0.0,0.0,gaussian
"beta_g['forro','energy']",-0.0015915256553044183,1.0423057845693893,-1.9594923280126748,1.8940750948948613,0.0,0.0,gaussian
"beta_g['forro','loudness']",0.8288319926945643,1.0528632265674955,-1.17638211834788,2.749110759917062,0.0,0.0,gaussian
"beta_g['forro','speechiness']",-0.6960875850508348,0.7432204382978655,-2.072612287097081,0.7170928819579464,0.0,0.0,gaussian
"beta_g['forro','acousticness']",0.08164534613388433,0.5901805051666996,-1.0289904192656487,1.208705433057784,0.0,0.0,gaussian
"beta_g['forro','instrumentalness']",0.07302829269668906,1.9887171168369497,-3.736664561824438,3.691903405921832,0.0,0.0,gaussian
"beta_g['forro','liveness']",-0.12302436512124736,0.31341978271723003,-0.7062177851869137,0.4565677192707995,0.0,0.0,gaussian
"beta_g['forro','valence']",-0.14683693738002992,0.6964979605993853,-1.460732760366166,1.229137130921592,0.0,0.0,gaussian
"beta_g['forro','tempo']",0.014760928302544732,0.28355312805620303,-0.5327390020676196,0.5335087179414916,0.0,0.0,gaussian
"beta_g['forro','explicit']",0.24332703992777596,0.6955370784502631,-1.070919297912237,1.5515479685241351,0.0,0.0,gaussian
alpha_g['french'],43.68189911690508,0.0,42.55110845907945,44.75179565120034,0.0,0.0,gaussian
"beta_g['french','danceability']",3.3062899035161726,0.5148487236181919,2.3109616283499754,4.244812923878077,0.0,0.0,gaussian
"beta_g['french','energy']",1.2526136631730354,0.9552633354606013,-0.5425659103862969,2.9915585717600397,0.0,0.0,gaussian
"beta_g['french','loudness']",-0.3008974140065205,0.8879119557719225,-1.9955358336179794,1.3215783540083739,0.0,0.0,gaussian
"beta_g['french','speechiness']",-1.4433667640932835,0.3073115096975585,-2.036136131159907,-0.8790024637584328,0.0,0.0,gaussian
"beta_g['french','acousticness']",-0.9596734778113151,0.6395616320046241,-2.1805399269643155,0.2606831561371402,0.0,0.0,gaussian
"beta_g['french','instrumentalness']",1.130308661773496,0.6280586827250242,-0.09036013035323989,2.3256308827697802,0.0,0.0,gaussian
"beta_g['french','liveness']",-0.43164674109745715,0.4649688423124221,-1.3547129068556707,0.4415449242054041,0.0,0.0,gaussian
"beta_g['french','valence']",-3.278986409011412,0.5099501158503356,-4.234710226168363,-2.3459083514804515,0.0,0.0,gaussian
"beta_g['french','tempo']",0.02311669117654014,0.28154048545506205,-0.49026191469418795,0.5659904742729668,0.0,0.0,gaussian
"beta_g['french','explicit']",-1.670874354456911,0.32926509532317827,-2.2985056375617234,-1.046863234697631,0.0,0.0,gaussian
alpha_g['funk'],44.953143038941384,0.0,42.313730065040104,47.73501638225501,0.0,0.0,gaussian
"beta_g['funk','danceability']",0.3763768700117651,0.7266813941842809,-0.9913059565516238,1.7909052910237964,0.0,0.0,gaussian
"beta_g['funk','energy']",0.4902747095385475,1.033381606060505,-1.4859411004450114,2.4314124389145095,0.0,0.0,gaussian
"beta_g['funk','loudness']",0.9495686465695683,1.0427842745022047,-1.0674147284426456,2.845821916793336,0.0,0.0,gaussian
"beta_g['funk','speechiness']",0.10914496681156564,0.2777463495083584,-0.4025313273955112,0.6360819682468929,0.0,0.0,gaussian
"beta_g['funk','acousticness']",0.01382026022192189,0.7274568110793854,-1.306021922244973,1.4140877361429083,0.0,0.0,gaussian
"beta_g['funk','instrumentalness']",1.4001116857303504,1.9823648463982726,-2.2679873357539564,5.163991903898696,0.0,0.0,gaussian
"beta_g['funk','liveness']",-0.30077545839611836,0.4707143308411199,-1.1790645470667882,0.6197332725715533,0.0,0.0,gaussian
"beta_g['funk','valence']",-0.2763112558006078,0.6871240663624126,-1.51975531463267,0.9741517852492573,0.0,0.0,gaussian
"beta_g['funk','tempo']",-0.4376937015361805,0.34124430909221143,-1.110481839862581,0.12605113525885492,0.0,0.0,gaussian
"beta_g['funk','explicit']",0.4491358052816009,0.30293889951162517,-0.10498452846852663,1.0024862172221283,0.0,0.0,gaussian
alpha_g['garage'],44.40889366591823,0.0,43.3471336159955,45.524298955525566,0.0,0.0,gaussian
"beta_g['garage','danceability']",3.4940512971425974,0.5607370957156163,2.495813572434057,4.571310359360876,0.0,0.0,gaussian
"beta_g['garage','energy']",-3.830440388885185,0.9588654209630252,-5.637246980757381,-2.006471178230388,0.0,0.0,gaussian
"beta_g['garage','loudness']",-1.5283524485335647,1.0929034376729232,-3.6052560977414014,0.5670546047837599,0.0,0.0,gaussian
"beta_g['garage','speechiness']",-1.4234560989739988,0.48932901142632185,-2.3334405872847093,-0.5159671709083967,0.0,0.0,gaussian
"beta_g['garage','acousticness']",-1.2265696723096342,0.6932160845882622,-2.555226178111586,0.04300015770774487,0.0,0.0,gaussian
"beta_g['garage','instrumentalness']",1.0407197136828357,0.4529667437526421,0.18815702233188988,1.8684260972083941,0.0,0.0,gaussian
"beta_g['garage','liveness']",-0.5288792151451829,0.42914918868221213,-1.3317442118794085,0.2873049719340256,0.0,0.0,gaussian
"beta_g['garage','valence']",0.37893217369792714,0.520067800523849,-0.571093785462091,1.3394821005583863,0.0,0.0,gaussian
"beta_g['garage','tempo']",-0.29764316907633287,0.30569587903308965,-0.9208075892564728,0.2316325254263624,0.0,0.0,gaussian
"beta_g['garage','explicit']",-1.3032745135990322,0.4206357595373234,-2.1033020686741657,-0.5279822345130627,0.0,0.0,gaussian
alpha_g['german'],42.39728232902871,0.0,41.10052157031573,43.66231888479805,0.0,0.0,gaussian
"beta_g['german','danceability']",2.2130900294634253,0.591530470333709,1.1355919794525893,3.3484502868836175,0.0,0.0,gaussian
"beta_g['german','energy']",0.8280239501310735,0.9995448393643868,-0.9799054663555298,2.703924054411648,0.0,0.0,gaussian
"beta_g['german','loudness']",1.8905450828304662,0.7975069702909543,0.3486228075799547,3.3595105834813412,0.0,0.0,gaussian
"beta_g['german','speechiness']",-0.6198588098098973,0.40686850975077754,-1.378258636435448,0.1323617327922123,0.0,0.0,gaussian
"beta_g['german','acousticness']",-0.03557401665926087,0.7186933578911193,-1.393175655252688,1.3019223892076122,0.0,0.0,gaussian
"beta_g['german','instrumentalness']",1.0328168505254198,0.7029913591607347,-0.2818973088966839,2.3614637407508217,0.0,0.0,gaussian
"beta_g['german','liveness']",-0.6415802062007632,0.4330121440089558,-1.4413156430677567,0.1423628531075675,0.0,0.0,gaussian
"beta_g['german','valence']",-1.148555882364615,0.7212871934095995,-2.4361969670657357,0.2577688313386747,0.0,0.0,gaussian
"beta_g['german','tempo']",-0.10010869346158642,0.30448724602555705,-0.7044048935813279,0.46910669761710083,0.0,0.0,gaussian
"beta_g['german','explicit']",-0.5306172358545064,0.3981720073100412,-1.2838957391184829,0.21753141348248914,0.0,0.0,gaussian
alpha_g['gospel'],39.798670764455025,0.0,37.37946235030904,42.453709443169416,0.0,0.0,gaussian
"beta_g['gospel','danceability']",0.015225965910946274,0.6654106265976725,-1.2305455758476709,1.2674764779554502,0.0,0.0,gaussian
"beta_g['gospel','energy']",-0.23071040985900335,1.1297193262939857,-2.248794014683188,1.8803554272751246,0.0,0.0,gaussian
"beta_g['gospel','loudness']",0.384332736416334,1.1970094063512697,-1.8670772954215598,2.6273100396296325,0.0,0.0,gaussian
"beta_g['gospel','speechiness']",-0.078017009398085,1.0273953313226591,-1.9686626198562949,1.8295653469581643,0.0,0.0,gaussian
"beta_g['gospel','acousticness']",-0.2506453532259474,0.7173465486456089,-1.628348200963404,1.1108831499060337,0.0,0.0,gaussian
"beta_g['gospel','instrumentalness']",0.08631135531875293,1.8851018192926183,-3.4550010672220988,3.597377842556061,0.0,0.0,gaussian
"beta_g['gospel','liveness']",-0.10118512302881617,0.3220386269543888,-0.7106636095108755,0.4844006082648531,0.0,0.0,gaussian
"beta_g['gospel','valence']",-0.20825183426677973,0.7367109260953091,-1.6319071387222337,1.2159510650404601,0.0,0.0,gaussian
"beta_g['gospel','tempo']",0.010553549171403408,0.2980567240648308,-0.5553819372496249,0.5839989477698783,0.0,0.0,gaussian
"beta_g['gospel','explicit']",0.5668713427941294,1.2204665264450207,-1.7352106607730617,2.9158755374024685,0.0,0.0,gaussian
alpha_g['goth'],28.413085308271548,0.0,27.433463052185154,29.38325072628074,0.0,0.0,gaussian
"beta_g['goth','danceability']",-0.29599291038745845,0.5460532753147408,-1.3302555527113489,0.675877818817039,0.0,0.0,gaussian
"beta_g['goth','energy']",-0.5824833110793064,0.9107794977505205,-2.2675360632722668,1.1774048444230671,0.0,0.0,gaussian
"beta_g['goth','loudness']",1.3515725069404931,0.9516485771785159,-0.39793738736115525,3.1760589421038197,0.0,0.0,gaussian
"beta_g['goth','speechiness']",-0.8378736328142202,0.4671183881044619,-1.744781812069018,0.025497411400393535,0.0,0.0,gaussian
"beta_g['goth','acousticness']",-0.5273491537171845,0.703600042823463,-1.8490344456378085,0.8143351363700436,0.0,0.0,gaussian
"beta_g['goth','instrumentalness']",-1.1700620889748026,0.6023963343255979,-2.294361120786836,-0.05136647563789117,0.0,0.0,gaussian
"beta_g['goth','liveness']",-0.5088125583344123,0.3543714261551139,-1.1460652880219873,0.16359839018985997,0.0,0.0,gaussian
"beta_g['goth','valence']",-1.4328065089099382,0.5431197783537115,-2.4356502695198325,-0.4148525422910526,0.0,0.0,gaussian
"beta_g['goth','tempo']",-0.1066197180374894,0.28327499138017165,-0.644355945623805,0.4314472310469377,0.0,0.0,gaussian
"beta_g['goth','explicit']",-0.1509297950484916,0.4797098127253162,-1.0294994110317297,0.7690053604222556,0.0,0.0,gaussian
alpha_g['grindcore'],15.673789061640205,0.0,11.564892682190814,19.700169075546352,0.0,0.0,gaussian
"beta_g['grindcore','danceability']",-0.01581509729842127,0.7653850739242726,-1.484008312188219,1.3796529650030265,0.0,0.0,gaussian
"beta_g['grindcore','energy']",-0.5252371911832605,1.089249410399442,-2.484297685145361,1.6072355664688536,0.0,0.0,gaussian
"beta_g['grindcore','loudness']",0.16480197055711426,0.7523432692003573,-1.217659510659738,1.6206786092345473,0.0,0.0,gaussian
"beta_g['grindcore','speechiness']",-0.17878223319571937,0.43046650756957106,-1.0025729563676102,0.6137837232537644,0.0,0.0,gaussian
"beta_g['grindcore','acousticness']",0.312157758585192,1.6329911676586306,-2.789845973262769,3.365295415650333,0.0,0.0,gaussian
"beta_g['grindcore','instrumentalness']",-0.06540659759441517,0.39116552174399055,-0.7903353095450436,0.6775396980148457,0.0,0.0,gaussian
"beta_g['grindcore','liveness']",-0.1357972732218134,0.3713607315522261,-0.8368202582502027,0.5644130116328517,0.0,0.0,gaussian
"beta_g['grindcore','valence']",0.06600885630634594,0.5955429905423093,-1.0324533326428642,1.2127076255100742,0.0,0.0,gaussian
"beta_g['grindcore','tempo']",0.0623007653562774,0.2863342040606419,-0.46850088868111694,0.6259523637028692,0.0,0.0,gaussian
"beta_g['grindcore','explicit']",0.03463850079496787,0.3099234618166727,-0.5458583740750645,0.6110454844656582,0.0,0.0,gaussian
alpha_g['groove'],35.00486646808477,0.0,33.77316535638391,36.237564899240056,0.0,0.0,gaussian
"beta_g['groove','danceability']",0.9802956831749352,0.6094977163266072,-0.1323602810143091,2.1284312226678845,0.0,0.0,gaussian
"beta_g['groove','energy']",4.39744122427213,1.057009623229514,2.426247580598485,6.490702292658674,0.0,0.0,gaussian
"beta_g['groove','loudness']",-0.3734886212074181,1.3275225364624865,-2.866040044994823,2.074706310789622,0.0,0.0,gaussian
"beta_g['groove','speechiness']",-0.23064507999341693,0.6345439870811215,-1.3952965644420923,0.9369336370520478,0.0,0.0,gaussian
"beta_g['groove','acousticness']",-2.3683365839904074,0.8690647299287011,-3.962051325158115,-0.6970564035491664,0.0,0.0,gaussian
"beta_g['groove','instrumentalness']",-0.4363659204205622,0.6882480506001606,-1.7719589063003527,0.8374414228470296,0.0,0.0,gaussian
"beta_g['groove','liveness']",-1.575674132725634,0.3859143125840407,-2.336856800447257,-0.8348517955074517,0.0,0.0,gaussian
"beta_g['groove','valence']",-1.9050376345055866,0.6545150262077004,-3.14396403642034,-0.6652953565478542,0.0,0.0,gaussian
"beta_g['groove','tempo']",-0.03509723042132088,0.30897681858704573,-0.6246347002966989,0.5285924055268434,0.0,0.0,gaussian
"beta_g['groove','explicit']",2.5026371570945507,0.4207093072083733,1.7426290050548392,3.339640714789743,0.0,0.0,gaussian
alpha_g['grunge'],51.81664330864346,0.0,49.63460415771108,53.9015177609191,0.0,0.0,gaussian
"beta_g['grunge','danceability']",-0.8447973586635814,0.644407937629366,-2.0357865651653393,0.3405814932105027,0.0,0.0,gaussian
"beta_g['grunge','energy']",-2.398092129771425,1.0256953368123511,-4.317178091014437,-0.4696571882088187,0.0,0.0,gaussian
"beta_g['grunge','loudness']",0.6916426704328275,1.2591390294252622,-1.6536781765078865,3.0590617141939447,0.0,0.0,gaussian
"beta_g['grunge','speechiness']",-0.3196397610490602,0.766832719224463,-1.8087498462491347,1.107040958925754,0.0,0.0,gaussian
"beta_g['grunge','acousticness']",0.29658375206475457,1.1924829360142903,-1.9704518899698684,2.5340967707922157,0.0,0.0,gaussian
"beta_g['grunge','instrumentalness']",0.13014802881442936,0.9214263621810984,-1.6310104750524546,1.8562849058705078,0.0,0.0,gaussian
"beta_g['grunge','liveness']",-1.8214787089771263,0.38933336153279474,-2.535447289125843,-1.1293006193190078,0.0,0.0,gaussian
"beta_g['grunge','valence']",0.3931416212180692,0.6271343525363743,-0.7264637657111029,1.5730473746410671,0.0,0.0,gaussian
"beta_g['grunge','tempo']",-0.1450790850571851,0.28402437076546133,-0.6942418796666635,0.3841839214973563,0.0,0.0,gaussian
"beta_g['grunge','explicit']",0.47649277701522413,0.41888719197312346,-0.2932878113293625,1.2435794836731326,0.0,0.0,gaussian
alpha_g['guitar'],29.683268913046543,0.0,27.481947242273208,31.961457831066227,0.0,0.0,gaussian
"beta_g['guitar','danceability']",0.8045459462929935,0.5533980437234569,-0.23251266391445136,1.8545435323558808,0.0,0.0,gaussian
"beta_g['guitar','energy']",-0.5594588244059496,0.9918742996666843,-2.343007510395779,1.2924072950857004,0.0,0.0,gaussian
"beta_g['guitar','loudness']",1.453207189597962,0.6587011711661042,0.2760644061111384,2.6969998904146295,0.0,0.0,gaussian
"beta_g['guitar','speechiness']",0.7974109163615929,0.890777233796143,-0.8452275758229314,2.5845825368094903,0.0,0.0,gaussian
"beta_g['guitar','acousticness']",-0.6420698633843268,0.7637359972303863,-2.0536197116167614,0.7715321437785365,0.0,0.0,gaussian
"beta_g['guitar','instrumentalness']",2.1312785814589748,0.4071391582757072,1.3599382273739524,2.891877095030678,0.0,0.0,gaussian
"beta_g['guitar','liveness']",-0.8159144287214246,0.4764425834484626,-1.7166535963864635,0.060018580422331796,0.0,0.0,gaussian
"beta_g['guitar','valence']",-1.6778494267894077,0.5792775510708255,-2.7518600401366795,-0.5897257256884079,0.0,0.0,gaussian
"beta_g['guitar','tempo']",0.20449571095679753,0.2822362297756106,-0.2987500173253315,0.7770763129471348,0.0,0.0,gaussian
"beta_g['guitar','explicit']",0.5059799003031716,1.201999486996776,-1.7575482872498707,2.8236408077844652,0.0,0.0,gaussian
alpha_g['happy'],23.995429764459406,0.0,21.20432280815534,26.613820892468972,0.0,0.0,gaussian
"beta_g['happy','danceability']",-0.8734648649716702,0.6855494341261449,-2.170997413315286,0.3730447621460286,0.0,0.0,gaussian
"beta_g['happy','energy']",-1.3952585953086778,1.1749264998486681,-3.6922945856669305,0.8161022523641466,0.0,0.0,gaussian
"beta_g['happy','loudness']",1.7465160200979304,0.8470256271553467,0.13243121515241876,3.3515485795650735,0.0,0.0,gaussian
"beta_g['happy','speechiness']",0.020639597776170165,0.3667514900274414,-0.6764344420237037,0.7164659113459052,0.0,0.0,gaussian
"beta_g['happy','acousticness']",0.06835133818879949,1.120897583550657,-2.065962868856196,2.3018449892778516,0.0,0.0,gaussian
"beta_g['happy','instrumentalness']",-1.2264651012841588,0.4712195909687411,-2.200999515277793,-0.3663277360262396,0.0,0.0,gaussian
"beta_g['happy','liveness']",-0.2968572164350928,0.33000395198783267,-0.9355101601549114,0.29019069821302107,0.0,0.0,gaussian
"beta_g['happy','valence']",0.33784110311063614,0.5022135487979558,-0.6108368705103363,1.2920395024481424,0.0,0.0,gaussian
"beta_g['happy','tempo']",-0.11687255314138557,0.28803996554386374,-0.6928213809769082,0.3854393962782706,0.0,0.0,gaussian
"beta_g['happy','explicit']",-0.5108334070376849,0.3610740751933606,-1.2056808872177975,0.15576010550075617,0.0,0.0,gaussian
alpha_g['hard-rock'],52.768703584817374,0.0,50.60390400234949,54.86951705490471,0.0,0.0,gaussian
"beta_g['hard-rock','danceability']",-1.7519954722354079,0.6515870335284649,-2.969850555333076,-0.5424681806323253,0.0,0.0,gaussian
"beta_g['hard-rock','energy']",-3.4340806699503035,1.1034913049784973,-5.477099158245809,-1.2701834971086117,0.0,0.0,gaussian
"beta_g['hard-rock','loudness']",-0.9902045689341665,1.1236224749940602,-3.026713625061544,1.2022844056288715,0.0,0.0,gaussian
"beta_g['hard-rock','speechiness']",-1.4248518455754546,0.6664065979999769,-2.6400238602198165,-0.1591975492630811,0.0,0.0,gaussian
"beta_g['hard-rock','acousticness']",-0.44628800326815715,1.1872152892000252,-2.6030699325796487,1.8829268300847661,0.0,0.0,gaussian
"beta_g['hard-rock','instrumentalness']",4.755073831367501,1.1127169647206048,2.5801681570859087,6.8622473784635005,0.0,0.0,gaussian
"beta_g['hard-rock','liveness']",-1.9216550216760666,0.4468969106730854,-2.776323639489812,-1.0986238515628464,0.0,0.0,gaussian
"beta_g['hard-rock','valence']",-1.332224726747246,0.618881726693432,-2.5272011261419616,-0.23235205296078723,0.0,0.0,gaussian
"beta_g['hard-rock','tempo']",-0.3404233897723454,0.31459289130845314,-0.9918686892962824,0.16259116971204915,0.0,0.0,gaussian
"beta_g['hard-rock','explicit']",2.397345066207864,0.5902279989077525,1.3139400276890738,3.458201866619554,0.0,0.0,gaussian
alpha_g['hardcore'],42.33883828746724,0.0,39.61251854279423,45.055731011609645,0.0,0.0,gaussian
"beta_g['hardcore','danceability']",3.9808907706712833,0.5905908769850892,2.865095397563835,5.027000699094769,0.0,0.0,gaussian
"beta_g['hardcore','energy']",-3.3056169653612706,1.1905160016038494,-5.508748502030739,-1.0005886159630946,0.0,0.0,gaussian
"beta_g['hardcore','loudness']",2.389398854041865,1.0786606909313068,0.35941582646528597,4.323082318452657,0.0,0.0,gaussian
"beta_g['hardcore','speechiness']",2.1395124729221493,0.43453933828889774,1.3076008641528556,2.9732715236061638,0.0,0.0,gaussian
"beta_g['hardcore','acousticness']",2.9928311563582164,1.3582932079235348,0.5261742929908345,5.653289582910838,0.0,0.0,gaussian
"beta_g['hardcore','instrumentalness']",0.8251912410931911,0.9308218787046195,-0.8510044358212931,2.5553364241690404,0.0,0.0,gaussian
"beta_g['hardcore','liveness']",-0.5245511074593968,0.4272263193454625,-1.3230120895540083,0.27108077283859355,0.0,0.0,gaussian
"beta_g['hardcore','valence']",0.22220271862570787,0.555304224683974,-0.7830966788032174,1.316066150673254,0.0,0.0,gaussian
"beta_g['hardcore','tempo']",-0.24451586129942457,0.29109959522829976,-0.8280391819380477,0.2649948481190824,0.0,0.0,gaussian
"beta_g['hardcore','explicit']",1.3454726356035993,0.353687243833757,0.6726732354920726,2.0084155813699867,0.0,0.0,gaussian
alpha_g['hardstyle'],29.10329317769072,0.0,26.015007730011085,32.35194645998511,0.0,0.0,gaussian
"beta_g['hardstyle','danceability']",-2.834586843991931,0.6735115157317999,-4.117838249600257,-1.5120354010915156,0.0,0.0,gaussian
"beta_g['hardstyle','energy']",-3.9568303838693075,1.4076364700141255,-6.601904740951827,-1.2563616754676796,0.0,0.0,gaussian
"beta_g['hardstyle','loudness']",4.636789044486946,1.3006396245900953,2.2256218954599816,7.055288011858371,0.0,0.0,gaussian
"beta_g['hardstyle','speechiness']",-0.9588759303937855,0.3704092054082993,-1.6529296522546626,-0.25874505327148545,0.0,0.0,gaussian
"beta_g['hardstyle','acousticness']",-0.37222745703174837,1.291420233190265,-2.689473664818093,2.104287315739471,0.0,0.0,gaussian
"beta_g['hardstyle','instrumentalness']",-0.5221017813812393,0.5831814719324331,-1.5947434276987864,0.5419677409037307,0.0,0.0,gaussian
"beta_g['hardstyle','liveness']",-0.6664113573537337,0.39937749698294794,-1.4031685503247169,0.08359406245756651,0.0,0.0,gaussian
"beta_g['hardstyle','valence']",-0.4150320142529801,0.5831429323575087,-1.5359552548395792,0.6843529182527636,0.0,0.0,gaussian
"beta_g['hardstyle','tempo']",-0.15172000862239587,0.3102686089085747,-0.7873068407527121,0.40803554449165547,0.0,0.0,gaussian
"beta_g['hardstyle','explicit']",-0.1389240465630099,0.3975978025522943,-0.8863355989559226,0.5938267920268002,0.0,0.0,gaussian
alpha_g['heavy-metal'],27.03270120343951,0.0,24.00831537524012,29.93651774632354,0.0,0.0,gaussian
"beta_g['heavy-metal','danceability']",0.346648563286863,0.6323199378948551,-0.7788525539352806,1.5511820103674725,0.0,0.0,gaussian
"beta_g['heavy-metal','energy']",-0.3903432796162606,1.0030613271654663,-2.251525460104326,1.4917931978783692,0.0,0.0,gaussian
"beta_g['heavy-metal','loudness']",-1.549106699137062,0.9353031687983556,-3.293347207934517,0.17666858712436936,0.0,0.0,gaussian
"beta_g['heavy-metal','speechiness']",-0.5941546958872528,0.6912668249080269,-1.8790965162756328,0.683869746842355,0.0,0.0,gaussian
"beta_g['heavy-metal','acousticness']",-0.9087661584474501,1.5118710462570626,-3.9945874727605615,1.8779037741235993,0.0,0.0,gaussian
"beta_g['heavy-metal','instrumentalness']",-0.974164696641382,0.6041544836560769,-2.1267319000808,0.15596330080385662,0.0,0.0,gaussian
"beta_g['heavy-metal','liveness']",-0.5678673496229926,0.31107774200108174,-1.1590978882038854,0.03492738667713053,0.0,0.0,gaussian
"beta_g['heavy-metal','valence']",0.845122798085599,0.5728615307219168,-0.21315760489350108,1.9443919380614647,0.0,0.0,gaussian
"beta_g['heavy-metal','tempo']",0.00869907767227233,0.28264315180151856,-0.533568511465061,0.5489187167307954,0.0,0.0,gaussian
"beta_g['heavy-metal','explicit']",-0.024019113353699703,0.3987100784678864,-0.7736937122692823,0.6894762384282741,0.0,0.0,gaussian
alpha_g['hip-hop'],60.47528587059206,0.0,58.3469496223361,62.58026993536723,0.0,0.0,gaussian
"beta_g['hip-hop','danceability']",-1.8138478571490366,0.6990583756060778,-3.1348517992935014,-0.528713173162295,0.0,0.0,gaussian
"beta_g['hip-hop','energy']",-2.0420832937725137,1.0739356055920979,-3.987838607128245,0.036440565531418015,0.0,0.0,gaussian
"beta_g['hip-hop','loudness']",-3.6455555108608064,1.3558725837812848,-6.268253539374145,-1.1260003241075047,0.0,0.0,gaussian
"beta_g['hip-hop','speechiness']",1.7182650637776358,0.3977309515749671,0.9798616975033975,2.4658089094700015,0.0,0.0,gaussian
"beta_g['hip-hop','acousticness']",3.2897923866481786,0.8558995476524827,1.6936893796867982,4.900523962237182,0.0,0.0,gaussian
"beta_g['hip-hop','instrumentalness']",1.8148705494399868,1.3933248390753494,-0.7312824382177788,4.4661914517640104,0.0,0.0,gaussian
"beta_g['hip-hop','liveness']",0.15559956128517557,0.4592295232465958,-0.705819063300636,1.032274774805669,0.0,0.0,gaussian
"beta_g['hip-hop','valence']",-1.7963965563535063,0.6229367786394947,-2.990013197141001,-0.6234171610552515,0.0,0.0,gaussian
"beta_g['hip-hop','tempo']",-0.20982754930360897,0.30051260862509976,-0.8134928361978099,0.33416730154968616,0.0,0.0,gaussian
"beta_g['hip-hop','explicit']",-1.7476620682768043,0.35022233594067126,-2.3911697365376527,-1.0971383783530269,0.0,0.0,gaussian
alpha_g['honky-tonk'],15.185732410317103,0.0,12.596095966388646,17.69119217789361,0.0,0.0,gaussian
"beta_g['honky-tonk','danceability']",-0.023688528002790445,0.5744410246036313,-1.099667579109375,1.0305968447226113,0.0,0.0,gaussian
"beta_g['honky-tonk','energy']",-2.299469647181242,1.001271616691185,-4.157827103926118,-0.46627932498443153,0.0,0.0,gaussian
"beta_g['honky-tonk','loudness']",1.2997859194961943,0.9026970853167879,-0.35574840105505323,3.071656982762359,0.0,0.0,gaussian
"beta_g['honky-tonk','speechiness']",0.13127581848871125,1.1055487398305464,-1.8976544107334663,2.223697870627761,0.0,0.0,gaussian
"beta_g['honky-tonk','acousticness']",-0.6092688455749244,0.7875289747638826,-2.1467751394702597,0.8554468531330844,0.0,0.0,gaussian
"beta_g['honky-tonk','instrumentalness']",-0.46817353176488596,0.6299390543398506,-1.6443678195709357,0.7385476325751438,0.0,0.0,gaussian
"beta_g['honky-tonk','liveness']",-0.9821493190556666,0.4442910226390393,-1.7787685714298267,-0.16019424787668773,0.0,0.0,gaussian
"beta_g['honky-tonk','valence']",0.6911679054687605,0.6079359755657072,-0.46173919466137586,1.851203611772129,0.0,0.0,gaussian
"beta_g['honky-tonk','tempo']",0.3261609668011272,0.29858090070232496,-0.19088543255407972,0.9207204634782162,0.0,0.0,gaussian
"beta_g['honky-tonk','explicit']",0.6452356850361896,1.19109483182738,-1.6290123025146928,2.920738550715448,0.0,0.0,gaussian
alpha_g['house'],52.459032851527425,0.0,48.12751627794584,56.74260530684773,0.0,0.0,gaussian
"beta_g['house','danceability']",1.0216780350830323,1.2625696601111926,-1.337036686261215,3.4733646621981107,0.0,0.0,gaussian
"beta_g['house','energy']",-2.9585799648621176,1.8151931936544567,-6.377519386421935,0.5020391616955595,0.0,0.0,gaussian
"beta_g['house','loudness']",2.170824335897397,2.5789284637440852,-2.7775318850400454,6.935450596783381,0.0,0.0,gaussian
"beta_g['house','speechiness']",-0.04722579175691832,0.9363466413909405,-1.756396790019441,1.7081191459153988,0.0,0.0,gaussian
"beta_g['house','acousticness']",-0.13961238432987624,1.7220435451725522,-3.3738107363015595,3.2215196729775326,0.0,0.0,gaussian
"beta_g['house','instrumentalness']",-3.266172544570619,1.3907203446690575,-5.884600796463991,-0.6283689755429972,0.0,0.0,gaussian
"beta_g['house','liveness']",0.22072052736685002,0.6405863340011141,-0.9875383896151552,1.4986926995866394,0.0,0.0,gaussian
"beta_g['house','valence']",-2.090920436024671,1.0142567451030495,-4.123139508656655,-0.23233113871575156,0.0,0.0,gaussian
"beta_g['house','tempo']",0.08293175815677123,0.3499034069697471,-0.5526926632909873,0.809986113541952,0.0,0.0,gaussian
"beta_g['house','explicit']",2.073669648715222,0.6812865624055581,0.8043651961603298,3.340729541709777,0.0,0.0,gaussian
alpha_g['idm'],17.30353994544899,0.0,15.727229345329782,18.84900992108153,0.0,0.0,gaussian
"beta_g['idm','danceability']",0.9324630053791672,0.4289923270927725,0.153559676850511,1.7716346427066145,0.0,0.0,gaussian
"beta_g['idm','energy']",-0.6002952205948969,0.7094378736725244,-1.9472390317380768,0.7426658316700933,0.0,0.0,gaussian
"beta_g['idm','loudness']",0.7073694829385667,0.591694361977233,-0.3966238306783376,1.8584284772893647,0.0,0.0,gaussian
"beta_g['idm','speechiness']",-0.999668475595032,0.41956682609648854,-1.7656746258046887,-0.21985981718856715,0.0,0.0,gaussian
"beta_g['idm','acousticness']",0.8172844068774046,0.48253029959130356,-0.08620718227541153,1.7186105462002998,0.0,0.0,gaussian
"beta_g['idm','instrumentalness']",-0.8269110870971594,0.4682143682731666,-1.7058348431030397,0.040682066247487464,0.0,0.0,gaussian
"beta_g['idm','liveness']",-0.28523306898592005,0.4431649948600326,-1.1338527540064893,0.5332271676216124,0.0,0.0,gaussian
"beta_g['idm','valence']",-0.5104116623842201,0.46644156486379607,-1.336374073033936,0.3812166847621151,0.0,0.0,gaussian
"beta_g['idm','tempo']",0.19909305845306433,0.27600287368837895,-0.28488475138697067,0.7519795481515866,0.0,0.0,gaussian
"beta_g['idm','explicit']",0.5892246388687093,0.7622924143588086,-0.847750228163749,2.0733826558440183,0.0,0.0,gaussian
alpha_g['indian'],49.15349945007457,0.0,47.73631417333265,50.55844029146038,0.0,0.0,gaussian
"beta_g['indian','danceability']",-0.5914152336594535,0.6580281647724912,-1.835026737004133,0.5733647612122587,0.0,0.0,gaussian
"beta_g['indian','energy']",0.11760229181165134,1.006298344516996,-1.7728409585615899,1.9902722119575174,0.0,0.0,gaussian
"beta_g['indian','loudness']",1.8754191969995904,0.9926711755252491,-0.020288656039544186,3.7237489836656548,0.0,0.0,gaussian
"beta_g['indian','speechiness']",-0.9005164298707184,0.5842375521703806,-1.9825323109146822,0.16347924123111274,0.0,0.0,gaussian
"beta_g['indian','acousticness']",1.622307391800383,0.6753110729360275,0.3418034099745185,2.9255146916038437,0.0,0.0,gaussian
"beta_g['indian','instrumentalness']",-1.1936430184077091,0.9791642106713165,-3.0010096020420662,0.6395054744026624,0.0,0.0,gaussian
"beta_g['indian','liveness']",-0.13111368144494653,0.5086107204253297,-1.089710784786173,0.8067452190988563,0.0,0.0,gaussian
"beta_g['indian','valence']",1.1793892399194872,0.6692201861134136,-0.025601022642234787,2.4517450266741196,0.0,0.0,gaussian
"beta_g['indian','tempo']",-0.02636907854419195,0.29110177072247095,-0.5843626606878529,0.5187832252481737,0.0,0.0,gaussian
"beta_g['indian','explicit']",-0.15532323605633455,0.699733562660702,-1.452633666795171,1.191707293737978,0.0,0.0,gaussian
alpha_g['indie'],55.904567985929745,0.0,54.14469168695224,57.64021224572035,0.0,0.0,gaussian
"beta_g['indie','danceability']",0.47987103285578936,0.7920610430959429,-1.0154891293273476,1.995737879485321,0.0,0.0,gaussian
"beta_g['indie','energy']",0.15264011810437603,1.312990377181464,-2.3552671575364195,2.576157663090959,0.0,0.0,gaussian
"beta_g['indie','loudness']",-0.7816329693177974,1.4187988283683515,-3.435101916372936,1.9104169287560322,0.0,0.0,gaussian
"beta_g['indie','speechiness']",0.8637748244659761,0.8012350511855796,-0.6367182519011381,2.3988123059319078,0.0,0.0,gaussian
"beta_g['indie','acousticness']",-0.7958232769089657,0.89871890386421,-2.3550994307070234,0.8450344389833353,0.0,0.0,gaussian
"beta_g['indie','instrumentalness']",2.0783369195779224,1.1546343732104252,-0.02587844256436659,4.266815027759317,0.0,0.0,gaussian
"beta_g['indie','liveness']",0.5788937699570157,0.6173889346868627,-0.5548063192819365,1.7794135501389647,0.0,0.0,gaussian
"beta_g['indie','valence']",-1.5147843311014753,0.8579770330247871,-3.198698562227979,0.11452437452948218,0.0,0.0,gaussian
"beta_g['indie','tempo']",-0.082270510148094,0.32232291792205053,-0.7361378170332208,0.5409542469293337,0.0,0.0,gaussian
"beta_g['indie','explicit']",0.7720423515435058,0.6558981850659105,-0.4345178552531688,1.9968176182078237,0.0,0.0,gaussian
alpha_g['indie-pop'],52.9328399195844,0.0,50.669778891411084,55.29815458296136,0.0,0.0,gaussian
"beta_g['indie-pop','danceability']",-0.23003020653707668,0.9771925228492099,-2.051205915522428,1.5385563462219938,0.0,0.0,gaussian
"beta_g['indie-pop','energy']",-2.8785206895871536,1.5516530904846162,-5.762211558921078,-0.05088346623973881,0.0,0.0,gaussian
"beta_g['indie-pop','loudness']",1.0073543582236388,1.6173345735862545,-1.974191716004459,4.150916712440495,0.0,0.0,gaussian
"beta_g['indie-pop','speechiness']",-0.6710028414741538,0.8547097066208333,-2.2655931236892357,0.9218408953928736,0.0,0.0,gaussian
"beta_g['indie-pop','acousticness']",-3.2991921621743527,1.1861942487859898,-5.439559183743564,-1.0771161531306181,0.0,0.0,gaussian
"beta_g['indie-pop','instrumentalness']",2.827959477993195,1.5822631414317487,-0.11768410164497908,5.794292642065034,0.0,0.0,gaussian
"beta_g['indie-pop','liveness']",-0.14096985266306197,0.6171700853614371,-1.2730544167833304,1.0279467163731462,0.0,0.0,gaussian
"beta_g['indie-pop','valence']",0.9272302464428671,0.9457705488693242,-0.8413553146199433,2.7140914386476562,0.0,0.0,gaussian
"beta_g['indie-pop','tempo']",0.10640661882050764,0.33899972486549057,-0.49399954409620134,0.806750987720067,0.0,0.0,gaussian
"beta_g['indie-pop','explicit']",2.161209220264781,0.6715553165255925,0.8865669230637323,3.3622206407433928,0.0,0.0,gaussian
alpha_g['industrial'],35.67152493312916,0.0,33.68596095519902,37.592914812232294,0.0,0.0,gaussian
"beta_g['industrial','danceability']",2.296801934534244,0.6535999440235696,1.0799688011472925,3.4663833865640363,0.0,0.0,gaussian
"beta_g['industrial','energy']",-6.065827344393193,0.9622720748511054,-7.873069295904286,-4.199034773618912,0.0,0.0,gaussian
"beta_g['industrial','loudness']",6.007452556263706,0.9263769636952078,4.243698507723055,7.682259615485744,0.0,0.0,gaussian
"beta_g['industrial','speechiness']",-0.3191849674098424,0.4916112148660115,-1.2038067085350903,0.6262673221799344,0.0,0.0,gaussian
"beta_g['industrial','acousticness']",-0.3114081833184979,1.1784447368402347,-2.497790706165757,1.9848119370971333,0.0,0.0,gaussian
"beta_g['industrial','instrumentalness']",-2.0839609754874577,0.4812145469054026,-2.9794465119555626,-1.2022015123266914,0.0,0.0,gaussian
"beta_g['industrial','liveness']",-0.7085654798753752,0.3820870596285095,-1.4591461185975825,0.0009250717044226415,0.0,0.0,gaussian
"beta_g['industrial','valence']",-0.1793382610242766,0.5474182016595729,-1.2230068003280206,0.8322280891110138,0.0,0.0,gaussian
"beta_g['industrial','tempo']",0.16165513071562904,0.29446010526055755,-0.3530278610128906,0.7320910168468114,0.0,0.0,gaussian
"beta_g['industrial','explicit']",0.5381272344703592,0.29756737831174934,0.008588902953421566,1.1021272028608093,0.0,0.0,gaussian
alpha_g['iranian'],6.11885019493304,0.0,2.331598066606156,9.657006810625347,0.0,0.0,gaussian
"beta_g['iranian','danceability']",0.7614364413046487,0.893320518218668,-0.8992068956529589,2.4426808102943034,0.0,0.0,gaussian
"beta_g['iranian','energy']",-0.6797040292320993,1.2063919775024443,-2.9281906191604974,1.5518379225270547,0.0,0.0,gaussian
"beta_g['iranian','loudness']",-0.8593575205119532,0.8440336757735982,-2.441251962024382,0.7854541223504924,0.0,0.0,gaussian
"beta_g['iranian','speechiness']",-0.10323563428199956,0.8057662254377436,-1.5800971066811325,1.4720036657982989,0.0,0.0,gaussian
"beta_g['iranian','acousticness']",-0.2571324635457604,0.7738195125581804,-1.6917057456389306,1.2401072393323935,0.0,0.0,gaussian
"beta_g['iranian','instrumentalness']",0.1151540151928353,0.7504356789260644,-1.3239893310474176,1.5626717948551365,0.0,0.0,gaussian
"beta_g['iranian','liveness']",-0.27152635800473285,0.5728980801256005,-1.3257921789985376,0.7703190218126061,0.0,0.0,gaussian
"beta_g['iranian','valence']",0.1394440831821857,1.0841996780665761,-1.9281552001125677,2.200448754356379,0.0,0.0,gaussian
"beta_g['iranian','tempo']",-0.05541585021908211,0.306831314162962,-0.6717596060662344,0.5033092810824008,0.0,0.0,gaussian
"beta_g['iranian','explicit']",0.5813200094283499,0.6995666730176965,-0.7720562231330048,1.86810921251162,0.0,0.0,gaussian
alpha_g['j-dance'],27.670177974830906,0.0,25.869464540636294,29.451433060406668,0.0,0.0,gaussian
"beta_g['j-dance','danceability']",0.39548416633446976,0.6433437644929352,-0.7429470903783727,1.5692873741123647,0.0,0.0,gaussian
"beta_g['j-dance','energy']",-2.562655362325246,1.0475509673870997,-4.5712984310547675,-0.6020782112885789,0.0,0.0,gaussian
"beta_g['j-dance','loudness']",1.4061780110495516,1.1285709927038474,-0.7292239157705092,3.638744362498706,0.0,0.0,gaussian
"beta_g['j-dance','speechiness']",-1.5471579180441102,0.29133266713481193,-2.099367468617681,-0.9949215154040794,0.0,0.0,gaussian
"beta_g['j-dance','acousticness']",-2.403591125034421,0.7146016217748478,-3.784490958732163,-1.077426058058447,0.0,0.0,gaussian
"beta_g['j-dance','instrumentalness']",2.3739328733707588,0.9662183477077629,0.5235928571763993,4.139329203825707,0.0,0.0,gaussian
"beta_g['j-dance','liveness']",0.07123455075340043,0.496368900341118,-0.8348766127164707,1.0443782270604574,0.0,0.0,gaussian
"beta_g['j-dance','valence']",0.5491699468829694,0.6078202838422916,-0.550847132203429,1.6893376348413358,0.0,0.0,gaussian
"beta_g['j-dance','tempo']",0.04043717040351789,0.2834707017327105,-0.4945891434774586,0.5774542591424074,0.0,0.0,gaussian
"beta_g['j-dance','explicit']",0.4062261303493827,0.28443595542562505,-0.12514044733296115,0.9560657654863192,0.0,0.0,gaussian
alpha_g['j-idol'],24.75449146359178,0.0,22.70852390131399,26.858045448923622,0.0,0.0,gaussian
"beta_g['j-idol','danceability']",0.28292943246757407,0.7303073866077489,-1.106872636485174,1.7165361681642302,0.0,0.0,gaussian
"beta_g['j-idol','energy']",0.7509318551683024,1.1698754414485681,-1.429228397499218,3.0028330639401144,0.0,0.0,gaussian
"beta_g['j-idol','loudness']",-0.033905339153860806,1.2820209071112203,-2.57171131469921,2.451363604399152,0.0,0.0,gaussian
"beta_g['j-idol','speechiness']",0.4147868202621195,0.6745231651982406,-0.8108208956659217,1.7019681391228532,0.0,0.0,gaussian
"beta_g['j-idol','acousticness']",-0.4017950365918385,0.7446524449858826,-1.8610424984181613,0.984569573271728,0.0,0.0,gaussian
"beta_g['j-idol','instrumentalness']",0.1876870885527544,0.826506263223098,-1.3708541670370558,1.7421081851927769,0.0,0.0,gaussian
"beta_g['j-idol','liveness']",-0.474780988181865,0.41034316054678094,-1.2228208475444415,0.3081531807829342,0.0,0.0,gaussian
"beta_g['j-idol','valence']",-0.6910694360422328,0.5938257025835245,-1.770513057383985,0.4334556204261807,0.0,0.0,gaussian
"beta_g['j-idol','tempo']",-0.09308603439201912,0.28100797872749766,-0.6560686501414827,0.42343298179361194,0.0,0.0,gaussian
"beta_g['j-idol','explicit']",1.2049997658930387,1.1262139924431838,-0.9626529290714861,3.4655967633511735,0.0,0.0,gaussian
alpha_g['j-pop'],44.843701287380554,0.0,42.89153898319547,46.92341725970472,0.0,0.0,gaussian
"beta_g['j-pop','danceability']",1.6351543673394031,0.7608377492664032,0.23103319427736738,3.0202938917837883,0.0,0.0,gaussian
"beta_g['j-pop','energy']",0.1851008948314504,1.1496666503195614,-1.981922110169834,2.3443209398467446,0.0,0.0,gaussian
"beta_g['j-pop','loudness']",0.6820510739843653,1.2137741261790669,-1.6266131805055901,3.0325882814286964,0.0,0.0,gaussian
"beta_g['j-pop','speechiness']",1.0477586724982069,0.8051103010906314,-0.49659429951995354,2.55030843805523,0.0,0.0,gaussian
"beta_g['j-pop','acousticness']",-1.8136468219049136,0.8299311364247978,-3.3449315696259956,-0.2704396734390586,0.0,0.0,gaussian
"beta_g['j-pop','instrumentalness']",-0.00734117876947964,1.4695648191579378,-2.7821573136800017,2.7458150170539257,0.0,0.0,gaussian
"beta_g['j-pop','liveness']",-0.03868133388548277,0.48872598606094336,-0.9007113693305341,0.9087746517060712,0.0,0.0,gaussian
"beta_g['j-pop','valence']",0.6031442146172762,0.7138261840090572,-0.7514668178343197,1.9071259227088797,0.0,0.0,gaussian
"beta_g['j-pop','tempo']",0.22089175232062677,0.3152951374556174,-0.3354203492025119,0.8646596842635145,0.0,0.0,gaussian
"beta_g['j-pop','explicit']",0.22398430197624672,1.0730562335421776,-1.7793711012469287,2.2021536524424192,0.0,0.0,gaussian
alpha_g['j-rock'],38.029364927307476,0.0,36.32461237847035,39.77010670730289,0.0,0.0,gaussian
"beta_g['j-rock','danceability']",-0.2876343526926604,0.7771381270466162,-1.7499390631330722,1.0976813580180749,0.0,0.0,gaussian
"beta_g['j-rock','energy']",-1.2873754870656526,1.2524882247790845,-3.6627264185928796,1.064947863845468,0.0,0.0,gaussian
"beta_g['j-rock','loudness']",0.3997655155507311,1.2266067369468632,-1.9028777277438162,2.695443550780862,0.0,0.0,gaussian
"beta_g['j-rock','speechiness']",-0.6883828128219479,0.8763919342921078,-2.320778958682362,0.9604463930108109,0.0,0.0,gaussian
"beta_g['j-rock','acousticness']",-0.854119994583295,0.9435395879316852,-2.6051452541178053,0.8748038862351365,0.0,0.0,gaussian
"beta_g['j-rock','instrumentalness']",1.8334827959720732,1.1648634076433282,-0.22648957442943254,4.041817856500654,0.0,0.0,gaussian
"beta_g['j-rock','liveness']",-0.5852389669695072,0.48748232385711565,-1.48593575043404,0.32707618996459037,0.0,0.0,gaussian
"beta_g['j-rock','valence']",-0.5217008946541781,0.7538085277018275,-1.9572150920789442,0.8741335988092407,0.0,0.0,gaussian
"beta_g['j-rock','tempo']",0.14789590169210431,0.3054025946919873,-0.4106432194332291,0.788003177400147,0.0,0.0,gaussian
"beta_g['j-rock','explicit']",0.6029434966625211,0.8704794316623446,-1.020532876076538,2.18219293378136,0.0,0.0,gaussian
alpha_g['jazz'],42.14772415651889,0.0,37.65812206431609,46.55241537883185,0.0,0.0,gaussian
"beta_g['jazz','danceability']",1.7902157004796961,1.1454951272762506,-0.3295083362997371,3.972826946628469,0.0,0.0,gaussian
"beta_g['jazz','energy']",-1.6836710481424995,1.8276580530908897,-5.09909228123756,1.7949944185220799,0.0,0.0,gaussian
"beta_g['jazz','loudness']",-0.2600706605191632,1.548598254918482,-3.1301437708150623,2.6020021043912918,0.0,0.0,gaussian
"beta_g['jazz','speechiness']",0.4635876860129155,1.0873545456725013,-1.58925301187283,2.455024393582829,0.0,0.0,gaussian
"beta_g['jazz','acousticness']",-0.4904181460200119,1.3499110479987093,-3.115275845919178,2.1300581725244485,0.0,0.0,gaussian
"beta_g['jazz','instrumentalness']",2.242955548148164,1.0483272080066626,0.22181466568946887,4.157655829352754,0.0,0.0,gaussian
"beta_g['jazz','liveness']",-0.4937977647779577,0.654543843646231,-1.7107954240486467,0.8065154869815512,0.0,0.0,gaussian
"beta_g['jazz','valence']",-2.9886218251595427,1.054036986131297,-5.102550322393012,-1.1488624405038181,0.0,0.0,gaussian
"beta_g['jazz','tempo']",0.06846228173185946,0.3651764353311799,-0.5627256030560503,0.7973451839133882,0.0,0.0,gaussian
"beta_g['jazz','explicit']",0.5128432142723284,1.2206825987494978,-1.7113173093172283,2.8099268159829975,0.0,0.0,gaussian
alpha_g['k-pop'],56.54594606672002,0.0,54.74697153795106,58.39836269633276,0.0,0.0,gaussian
"beta_g['k-pop','danceability']",-0.00663452791133697,0.5909117616788117,-1.1271814315715338,1.1134770395747744,0.0,0.0,gaussian
"beta_g['k-pop','energy']",-3.9035090961997656,0.9272714385210812,-5.684224178557579,-2.1509310623599673,0.0,0.0,gaussian
"beta_g['k-pop','loudness']",8.801801617597091,0.9357512649305997,7.086994228206794,10.521232315214512,0.0,0.0,gaussian
"beta_g['k-pop','speechiness']",0.8286804112710973,0.42093957222061873,0.0706999337113977,1.5838463398003522,0.0,0.0,gaussian
"beta_g['k-pop','acousticness']",-4.1696138290045015,0.6795442806916727,-5.441568107750655,-2.8460776812999415,0.0,0.0,gaussian
"beta_g['k-pop','instrumentalness']",-1.493161103460137,1.537366263390264,-4.409736396172498,1.3129165502485896,0.0,0.0,gaussian
"beta_g['k-pop','liveness']",-0.3260833186157639,0.4904032207972585,-1.2885370338968802,0.6229833587393876,0.0,0.0,gaussian
"beta_g['k-pop','valence']",-0.4177027059661676,0.5813126254059487,-1.4937907035178581,0.6704840904769549,0.0,0.0,gaussian
"beta_g['k-pop','tempo']",0.027870369347019416,0.28819905165301457,-0.5349145488600906,0.581069455134315,0.0,0.0,gaussian
"beta_g['k-pop','explicit']",1.2638317464323514,0.8227685235776974,-0.29714253675515195,2.8320544114400072,0.0,0.0,gaussian
alpha_g['kids'],35.94738985267352,0.0,28.036237030718866,43.76486978172031,0.0,0.0,gaussian
"beta_g['kids','danceability']",0.9017511167234996,1.4953696021302114,-1.8252635630960086,3.717110776715421,0.0,0.0,gaussian
"beta_g['kids','energy']",-1.4697880288117622,2.025260946404082,-5.526022182280058,2.368385185305307,0.0,0.0,gaussian
"beta_g['kids','loudness']",1.721098203414096,2.8676253912066554,-3.421798322359261,7.017979098153505,0.0,0.0,gaussian
"beta_g['kids','speechiness']",0.5597461878762233,1.2327250841399537,-1.699661502078512,2.8361505486159855,0.0,0.0,gaussian
"beta_g['kids','acousticness']",-0.14324259306480733,1.7942838512533783,-3.5761567214837457,3.3030044494000954,0.0,0.0,gaussian
"beta_g['kids','instrumentalness']",0.2273788080041001,2.086068147445317,-3.5600087643523444,4.229637545057048,0.0,0.0,gaussian
"beta_g['kids','liveness']",-0.37338742223548693,0.6659788799063042,-1.6701777816620755,0.8837639843043833,0.0,0.0,gaussian
"beta_g['kids','valence']",-1.0344741356408576,1.3670649320190642,-3.647247381869148,1.5453809465986088,0.0,0.0,gaussian
"beta_g['kids','tempo']",-0.049815514748872414,0.36198105805806546,-0.7563036678363462,0.6253899771257294,0.0,0.0,gaussian
"beta_g['kids','explicit']",0.5557519740733889,1.2315339907775755,-1.7652521583203487,2.895167431938994,0.0,0.0,gaussian
alpha_g['latin'],25.154723678784425,0.0,21.248232814788665,28.92829406830641,0.0,0.0,gaussian
"beta_g['latin','danceability']",1.270720507654036,0.9543576209338361,-0.508040652156373,3.0590571153036317,0.0,0.0,gaussian
"beta_g['latin','energy']",3.82622436484772,1.5358261228391379,0.9656877899313535,6.851479757172926,0.0,0.0,gaussian
"beta_g['latin','loudness']",-5.713138007279216,2.094068251614282,-9.79767612032878,-1.7265660729721461,0.0,0.0,gaussian
"beta_g['latin','speechiness']",-1.7605248936009197,0.6424593904041332,-2.997753237710422,-0.5906747869910025,0.0,0.0,gaussian
"beta_g['latin','acousticness']",-3.512929655243829,1.2567397763274468,-5.834601923763955,-1.1523534001707934,0.0,0.0,gaussian
"beta_g['latin','instrumentalness']",2.416713152211149,2.159795510287986,-1.5392116579326136,6.640212804026246,0.0,0.0,gaussian
"beta_g['latin','liveness']",-1.1473710839729514,0.5745677828478938,-2.28563391708285,-0.11671075846514754,0.0,0.0,gaussian
"beta_g['latin','valence']",-3.112524140553567,0.8853872462075022,-4.769096270591497,-1.4757541624073607,0.0,0.0,gaussian
"beta_g['latin','tempo']",-0.19310806368403988,0.317468729374527,-0.8130171062956806,0.3557728259590012,0.0,0.0,gaussian
"beta_g['latin','explicit']",0.9491342706725396,0.5260179956270938,-0.04628630082471577,1.9447871100649239,0.0,0.0,gaussian
alpha_g['latino'],50.09483580706641,0.0,46.92972773264633,53.37300342488602,0.0,0.0,gaussian
"beta_g['latino','danceability']",0.3567712498050141,1.029766850081863,-1.6188716041553952,2.3503982823899037,0.0,0.0,gaussian
"beta_g['latino','energy']",-5.359955819241739,1.5058206799744944,-8.111620337287448,-2.5571170344693273,0.0,0.0,gaussian
"beta_g['latino','loudness']",14.121703402627483,1.7327846957561766,10.913831687350875,17.398902854086657,0.0,0.0,gaussian
"beta_g['latino','speechiness']",0.23594740396929725,0.5793985871413609,-0.87316066167781,1.33543244431463,0.0,0.0,gaussian
"beta_g['latino','acousticness']",-1.7382406065507015,0.9935840427841344,-3.52219754392731,0.13182422957782217,0.0,0.0,gaussian
"beta_g['latino','instrumentalness']",-2.4064775304591683,1.785762093912574,-5.7945590900426565,0.8620544829311328,0.0,0.0,gaussian
"beta_g['latino','liveness']",-0.1302755238841878,0.537954866807105,-1.090270372693624,0.8826123867444847,0.0,0.0,gaussian
"beta_g['latino','valence']",-2.6672325882183037,0.7324764431529861,-4.038516002329914,-1.3025892302535846,0.0,0.0,gaussian
"beta_g['latino','tempo']",0.14013622049775054,0.329630491494029,-0.4265935796205194,0.8135223667423371,0.0,0.0,gaussian
"beta_g['latino','explicit']",0.6477762679099518,0.38030160874898383,-0.08742572816840576,1.3641519936011801,0.0,0.0,gaussian
alpha_g['malay'],30.1909348653677,0.0,28.277916551545356,32.00642206983609,0.0,0.0,gaussian
"beta_g['malay','danceability']",0.3355424455965688,0.5969556763208851,-0.7947554038044227,1.4856439803626873,0.0,0.0,gaussian
"beta_g['malay','energy']",-0.007450303371063607,0.8969725861286107,-1.6947996052236782,1.650531827238691,0.0,0.0,gaussian
"beta_g['malay','loudness']",1.2686134295791922,0.9189044697247782,-0.5081976121506183,2.933754979573847,0.0,0.0,gaussian
"beta_g['malay','speechiness']",0.4728792055477116,0.4178126233680644,-0.30708378207561393,1.2565403816310885,0.0,0.0,gaussian
"beta_g['malay','acousticness']",1.1964844200778788,0.59780153112202,0.036611250662209174,2.294928094017488,0.0,0.0,gaussian
"beta_g['malay','instrumentalness']",1.0446726766351746,1.7155428551673915,-2.2408384544562674,4.2349643484074155,0.0,0.0,gaussian
"beta_g['malay','liveness']",-0.7934465277223459,0.47164398989833134,-1.6958765595208465,0.08383336511267639,0.0,0.0,gaussian
"beta_g['malay','valence']",-0.7739655726763889,0.57378323574464,-1.8851572555272487,0.27341972543139503,0.0,0.0,gaussian
"beta_g['malay','tempo']",-0.1115872373785772,0.270059116461337,-0.6168700630286311,0.39978985725607724,0.0,0.0,gaussian
"beta_g['malay','explicit']",-0.6463963953126906,0.553653629438535,-1.729394997337918,0.37387131784629435,0.0,0.0,gaussian
alpha_g['mandopop'],43.12721489022061,0.0,40.74323417040892,45.43781537361186,0.0,0.0,gaussian
"beta_g['mandopop','danceability']",1.5843522139353943,0.6612037917846143,0.32899273810429497,2.7845810995276308,0.0,0.0,gaussian
"beta_g['mandopop','energy']",-0.6889447281298479,1.1609000977113768,-2.871911670828542,1.4724724677548642,0.0,0.0,gaussian
"beta_g['mandopop','loudness']",5.428597481441437,1.1273103222311,3.368233209121594,7.51554137739458,0.0,0.0,gaussian
"beta_g['mandopop','speechiness']",-0.8010614702972769,0.9388210404307598,-2.591176589373917,0.9564342323217548,0.0,0.0,gaussian
"beta_g['mandopop','acousticness']",1.1784125078814038,0.6142427995977023,0.01679231826743952,2.3292923469080344,0.0,0.0,gaussian
"beta_g['mandopop','instrumentalness']",0.7694882303210833,1.8882012559899568,-2.7936928395549105,4.31770289413309,0.0,0.0,gaussian
"beta_g['mandopop','liveness']",-1.0656573388438901,0.5001370509060099,-2.017882853718271,-0.1205006139994419,0.0,0.0,gaussian
"beta_g['mandopop','valence']",-2.6459949917202112,0.6739638483217931,-3.9002832561337644,-1.43924316992657,0.0,0.0,gaussian
"beta_g['mandopop','tempo']",0.4918577724994584,0.32601546705037693,-0.049234684512092466,1.139644963922241,0.0,0.0,gaussian
"beta_g['mandopop','explicit']",0.42423183350170607,0.8593129724868402,-1.2044937396307247,2.0003615739674347,0.0,0.0,gaussian
alpha_g['metal'],53.38827900536245,0.0,49.81564130849322,57.09580041350893,0.0,0.0,gaussian
"beta_g['metal','danceability']",-0.8248259346114877,1.044465747469273,-2.77091187458585,1.1528678616387755,0.0,0.0,gaussian
"beta_g['metal','energy']",-0.4665975210716658,1.5486444738643572,-3.431928253552529,2.3993299189892503,0.0,0.0,gaussian
"beta_g['metal','loudness']",2.425338698919326,2.00902282276752,-1.339444303424038,6.191221229125197,0.0,0.0,gaussian
"beta_g['metal','speechiness']",-0.12437741400327411,0.9758234782776196,-1.9429149058634338,1.753320671307199,0.0,0.0,gaussian
"beta_g['metal','acousticness']",-1.6226915710007008,1.663771198524029,-4.722709665878206,1.422975131462628,0.0,0.0,gaussian
"beta_g['metal','instrumentalness']",-0.220040039709509,1.394630972846758,-2.830738689016437,2.1863540135791646,0.0,0.0,gaussian
"beta_g['metal','liveness']",-0.0859254187779505,0.5837324459630825,-1.1909130832734651,1.0310147856672878,0.0,0.0,gaussian
"beta_g['metal','valence']",-3.3085825357934353,0.924601840766585,-4.9982264937714875,-1.6340213989916579,0.0,0.0,gaussian
"beta_g['metal','tempo']",-0.2689545345436065,0.33773929975097056,-0.9398447398311738,0.3303553764777632,0.0,0.0,gaussian
"beta_g['metal','explicit']",1.3487651899813224,0.5435759106528705,0.3552195433281132,2.390059728924171,0.0,0.0,gaussian
alpha_g['metalcore'],47.07230738848215,0.0,43.50988876211996,50.60626199236123,0.0,0.0,gaussian
"beta_g['metalcore','danceability']",3.1783640766006993,0.7505355244511923,1.7449002042687625,4.570265077940241,0.0,0.0,gaussian
"beta_g['metalcore','energy']",-1.835159472713979,1.3092274184912367,-4.222499292855963,0.6781846372903738,0.0,0.0,gaussian
"beta_g['metalcore','loudness']",3.195290348194477,1.5461059034346774,0.21383781148343872,6.057449075700879,0.0,0.0,gaussian
"beta_g['metalcore','speechiness']",-1.365864450461739,0.5748243612662286,-2.4523498018587757,-0.2683400424262982,0.0,0.0,gaussian
"beta_g['metalcore','acousticness']",-0.14016366565813668,1.6916855658346075,-3.3256145733133886,2.965528180781859,0.0,0.0,gaussian
"beta_g['metalcore','instrumentalness']",-0.16428651547279577,1.1896905763946246,-2.3904497673340033,2.073925630148981,0.0,0.0,gaussian
"beta_g['metalcore','liveness']",-0.9320858144737275,0.4245297105537245,-1.7313506400849397,-0.1410805648436171,0.0,0.0,gaussian
"beta_g['metalcore','valence']",0.03773123452957585,0.7152323443221605,-1.2722680064411402,1.430857754781177,0.0,0.0,gaussian
"beta_g['metalcore','tempo']",0.39664135552223173,0.30525200091763743,-0.10859135205001384,0.9948687898037429,0.0,0.0,gaussian
"beta_g['metalcore','explicit']",1.404410171352334,0.30432293305725566,0.806937970480303,1.9621871756473555,0.0,0.0,gaussian
alpha_g['minimal-techno'],35.70938809727937,0.0,32.55084616183644,38.725638671495894,0.0,0.0,gaussian
"beta_g['minimal-techno','danceability']",-0.8108349262470871,0.7588865966352595,-2.250299715369936,0.6733147831524333,0.0,0.0,gaussian
"beta_g['minimal-techno','energy']",-3.3571803957822435,0.7985785330301585,-4.918940625827641,-1.9262714450806935,0.0,0.0,gaussian
"beta_g['minimal-techno','loudness']",2.202092257893346,1.0429624563311464,0.2337689522639224,4.2151563880151555,0.0,0.0,gaussian
"beta_g['minimal-techno','speechiness']",-1.4726826602992167,0.6743514671168656,-2.751498734945621,-0.19106970339513477,0.0,0.0,gaussian
"beta_g['minimal-techno','acousticness']",0.7175594881277914,0.9030473066407949,-0.9636285450541378,2.418908383691807,0.0,0.0,gaussian
"beta_g['minimal-techno','instrumentalness']",-0.5141412068698101,0.6067898598174409,-1.6122492593373814,0.6428987090941177,0.0,0.0,gaussian
"beta_g['minimal-techno','liveness']",-0.8282820048662856,0.5254942865722633,-1.8351618815528252,0.1448600564991702,0.0,0.0,gaussian
"beta_g['minimal-techno','valence']",-2.67380735529062,0.5500852042507823,-3.7375961832111115,-1.65937173788796,0.0,0.0,gaussian
"beta_g['minimal-techno','tempo']",-0.02882299638429738,0.33639457895718533,-0.6733114526837704,0.5995045139864358,0.0,0.0,gaussian
"beta_g['minimal-techno','explicit']",0.8810171368715056,1.0913665704331268,-1.1219417776193508,2.9586530569118437,0.0,0.0,gaussian
alpha_g['mpb'],42.061152665770756,0.0,40.23600965716722,43.8762826988525,0.0,0.0,gaussian
"beta_g['mpb','danceability']",0.2704943308454419,0.6170873350097454,-0.8893709323067882,1.4102931234182021,0.0,0.0,gaussian
"beta_g['mpb','energy']",-0.09433376722549792,0.9547472546897898,-1.8374332968191234,1.7108042717305636,0.0,0.0,gaussian
"beta_g['mpb','loudness']",0.19989246935578633,0.9706375122015801,-1.6449917088069546,1.9508520047669513,0.0,0.0,gaussian
"beta_g['mpb','speechiness']",-0.17841057787651607,0.6447835609295306,-1.3827763946795422,1.1263042646907802,0.0,0.0,gaussian
"beta_g['mpb','acousticness']",-0.007589974944608732,0.647210812727748,-1.1856278400084144,1.226006481096054,0.0,0.0,gaussian
"beta_g['mpb','instrumentalness']",0.06157039018362942,1.4091741352321954,-2.6365989986277976,2.74093220196681,0.0,0.0,gaussian
"beta_g['mpb','liveness']",-0.1257336644519238,0.29581926393876884,-0.7030866749848739,0.4346267670461885,0.0,0.0,gaussian
"beta_g['mpb','valence']",-0.16847684817652758,0.6444856339950701,-1.364894515555542,1.0662553747601908,0.0,0.0,gaussian
"beta_g['mpb','tempo']",0.0028389593254021885,0.27931150896004125,-0.5307781390673195,0.5509730424934144,0.0,0.0,gaussian
"beta_g['mpb','explicit']",0.43314238674483013,0.9990676989127921,-1.3888224367828164,2.3049872220364334,0.0,0.0,gaussian
alpha_g['new-age'],32.66240101133863,0.0,22.875067041355802,42.10600426899872,0.0,0.0,gaussian
"beta_g['new-age','danceability']",-0.32965504252323574,1.3439719797698362,-2.847765503748071,2.169075892709916,0.0,0.0,gaussian
"beta_g['new-age','energy']",0.5299791840265079,2.1040944488656015,-3.3938112358972976,4.484801108272047,0.0,0.0,gaussian
"beta_g['new-age','loudness']",0.1909403111672705,1.8492231966616393,-3.3550862854950068,3.607219712743809,0.0,0.0,gaussian
"beta_g['new-age','speechiness']",-0.3625730557847401,1.234165565334606,-2.719768170703726,1.9164283613120572,0.0,0.0,gaussian
"beta_g['new-age','acousticness']",1.2015624611075355,1.8646934375845163,-2.1856051185971865,4.646396941621441,0.0,0.0,gaussian
"beta_g['new-age','instrumentalness']",2.9012596132290964,1.279087877993593,0.45868782192543367,5.370790378336865,0.0,0.0,gaussian
"beta_g['new-age','liveness']",-0.679601975364897,0.6667277953217229,-2.0023815356111747,0.5370820876041292,0.0,0.0,gaussian
"beta_g['new-age','valence']",-0.747396215599124,1.3193384081227417,-3.1824586568677,1.660858546017899,0.0,0.0,gaussian
"beta_g['new-age','tempo']",0.0890403033398822,0.34967236569352894,-0.5180161993792747,0.7866013838984484,0.0,0.0,gaussian
"beta_g['new-age','explicit']",0.5557450162299721,1.2721325930065193,-1.9017737904335938,2.9933535144699777,0.0,0.0,gaussian
alpha_g['opera'],30.10876918581882,0.0,27.170026172204505,32.89697380665402,0.0,0.0,gaussian
"beta_g['opera','danceability']",1.1521823809377647,0.7144085011102118,-0.15886754399287478,2.4413533205353404,0.0,0.0,gaussian
"beta_g['opera','energy']",1.1237824418225777,1.1647907598451654,-1.168767855207908,3.281950512675067,0.0,0.0,gaussian
"beta_g['opera','loudness']",-0.04061465628090757,0.5737901066546303,-1.145727949898304,0.9693496645359433,0.0,0.0,gaussian
"beta_g['opera','speechiness']",-0.648823715889469,0.8086537074121073,-2.1592661112194484,0.8931426523261882,0.0,0.0,gaussian
"beta_g['opera','acousticness']",-0.29001739303945073,0.9105617416398779,-2.0486730287024795,1.4792453446258078,0.0,0.0,gaussian
"beta_g['opera','instrumentalness']",1.7148481768392776,0.5567154442730575,0.6779202612866949,2.7766683568698896,0.0,0.0,gaussian
"beta_g['opera','liveness']",-0.7183360941927718,0.3844001445902738,-1.4328582377435863,-0.0314711174557661,0.0,0.0,gaussian
"beta_g['opera','valence']",-0.5075079364350146,0.8106089294669314,-1.965835316148264,0.9765431944945352,0.0,0.0,gaussian
"beta_g['opera','tempo']",0.08883198099590152,0.2792158135685341,-0.4087973353603648,0.6592319184434143,0.0,0.0,gaussian
"beta_g['opera','explicit']",0.570362988008072,1.2432561843552243,-1.7817634105163165,2.938549734968948,0.0,0.0,gaussian
alpha_g['pagode'],45.305086077722216,0.0,42.36189088558012,48.18716915910033,0.0,0.0,gaussian
"beta_g['pagode','danceability']",0.11706094855035436,0.699407697868919,-1.2206952059944052,1.4111429156513884,0.0,0.0,gaussian
"beta_g['pagode','energy']",-0.5565355868859295,1.1393123216240966,-2.727578413661358,1.6448579745112213,0.0,0.0,gaussian
"beta_g['pagode','loudness']",0.7670955546241108,1.2555735235994974,-1.5481544697265472,3.1675940227639976,0.0,0.0,gaussian
"beta_g['pagode','speechiness']",-0.11557820856103634,0.7648377354002662,-1.5988803264159308,1.358467094531805,0.0,0.0,gaussian
"beta_g['pagode','acousticness']",0.25134709536151406,0.8328176174405172,-1.2995176890435305,1.7733521806441523,0.0,0.0,gaussian
"beta_g['pagode','instrumentalness']",-0.09590290278583193,2.1573445694831497,-4.365817368262514,4.075687514084715,0.0,0.0,gaussian
"beta_g['pagode','liveness']",0.22388476745938593,0.27408616373283323,-0.30114349564993387,0.7384969967791407,0.0,0.0,gaussian
"beta_g['pagode','valence']",-0.1382339947499589,0.6683369049622587,-1.4307447378599554,1.1047810366956263,0.0,0.0,gaussian
"beta_g['pagode','tempo']",0.06672195289694006,0.2621910980924284,-0.40203097632540213,0.5890532182832195,0.0,0.0,gaussian
"beta_g['pagode','explicit']",0.8136470283756203,0.8334066024372914,-0.7167194362415477,2.4070545768776412,0.0,0.0,gaussian
alpha_g['party'],29.67369361749227,0.0,26.324778484978314,32.853288366752885,0.0,0.0,gaussian
"beta_g['party','danceability']",-0.04349482938772533,0.8239486356870607,-1.53903328298882,1.5179350212563318,0.0,0.0,gaussian
"beta_g['party','energy']",-0.9731239722939236,1.2900078113935554,-3.4314010338049745,1.4684078184935228,0.0,0.0,gaussian
"beta_g['party','loudness']",-0.37459416006000207,1.440029570670013,-3.129061130261523,2.303804633607608,0.0,0.0,gaussian
"beta_g['party','speechiness']",-0.1478832598847378,0.5658204238215873,-1.1784671912811837,0.9233977915305792,0.0,0.0,gaussian
"beta_g['party','acousticness']",-0.35356989665933025,1.2923967239036698,-2.7323030608196115,2.05714276326973,0.0,0.0,gaussian
"beta_g['party','instrumentalness']",0.030410410449366532,2.058268465451941,-3.821333289374971,3.7737475340200355,0.0,0.0,gaussian
"beta_g['party','liveness']",-0.14898588370436194,0.3905252719842545,-0.8754107652695823,0.5798774877982659,0.0,0.0,gaussian
"beta_g['party','valence']",-0.8154600340329243,0.6518916158948603,-2.0923303464214875,0.40701066744348385,0.0,0.0,gaussian
"beta_g['party','tempo']",-0.004159558703340433,0.32711573873293515,-0.6209465423019033,0.6243578471949627,0.0,0.0,gaussian
"beta_g['party','explicit']",0.43527353512596106,0.5456611306845423,-0.6146366828733835,1.4143530499707824,0.0,0.0,gaussian
alpha_g['piano'],49.39325075738931,0.0,47.87247248662122,50.860456077183905,0.0,0.0,gaussian
"beta_g['piano','danceability']",1.9669537149153726,0.6502231012691481,0.7791958430978324,3.2038309454006435,0.0,0.0,gaussian
"beta_g['piano','energy']",1.3387728950022537,1.0939024940374813,-0.6743598199353696,3.367491149171373,0.0,0.0,gaussian
"beta_g['piano','loudness']",-4.67710428811319,0.594216292891827,-5.785039154673862,-3.580564239582269,0.0,0.0,gaussian
"beta_g['piano','speechiness']",-0.6380663962603235,0.882185029913773,-2.264529276776322,1.072474872364291,0.0,0.0,gaussian
"beta_g['piano','acousticness']",-1.0223765169728436,0.9078821917180995,-2.6721026518147712,0.6841312764283227,0.0,0.0,gaussian
"beta_g['piano','instrumentalness']",-4.196982191517265,0.7469933787231636,-5.612501120475043,-2.762981344993451,0.0,0.0,gaussian
"beta_g['piano','liveness']",-1.434102313744723,0.5200498783186174,-2.4278048928880844,-0.5039272543770132,0.0,0.0,gaussian
"beta_g['piano','valence']",0.9167327081911384,0.6367542941520129,-0.28836367018695414,2.1347064715024047,0.0,0.0,gaussian
"beta_g['piano','tempo']",-0.27437118469110644,0.27522109494059965,-0.8309347704972103,0.19164518836041,0.0,0.0,gaussian
"beta_g['piano','explicit']",-0.7996016743050965,0.8650732178531264,-2.398637198866666,0.7921449926450267,0.0,0.0,gaussian
alpha_g['pop'],58.93114068722377,0.0,56.46394137046977,61.45709751127685,0.0,0.0,gaussian
"beta_g['pop','danceability']",3.6857335105492917,0.7618994278372421,2.221812522267804,5.144639209255517,0.0,0.0,gaussian
"beta_g['pop','energy']",0.9998773346307746,1.208748759429346,-1.2677789732548534,3.31892985087285,0.0,0.0,gaussian
"beta_g['pop','loudness']",4.769134495075371,1.3549433556877768,2.259675924975212,7.204357982117124,0.0,0.0,gaussian
"beta_g['pop','speechiness']",2.064473456076964,0.6420056318101243,0.9007634896240443,3.3218509473065243,0.0,0.0,gaussian
"beta_g['pop','acousticness']",3.332686879786941,0.8346801410322259,1.7530830521847556,4.886699546478564,0.0,0.0,gaussian
"beta_g['pop','instrumentalness']",0.3964503195780888,2.011888301590563,-3.590541456126366,3.9669399560950565,0.0,0.0,gaussian
"beta_g['pop','liveness']",-0.09363314182541796,0.5695384444314343,-1.1618426822707144,0.9619625310838938,0.0,0.0,gaussian
"beta_g['pop','valence']",-1.675118030258472,0.7791430442062397,-3.1740551999486444,-0.2802465877046625,0.0,0.0,gaussian
"beta_g['pop','tempo']",-0.16620308161595693,0.318200550950882,-0.7878093147717126,0.3948094461017208,0.0,0.0,gaussian
"beta_g['pop','explicit']",2.73602481310117,0.7312904529073816,1.4592607472493844,4.130776648454904,0.0,0.0,gaussian
alpha_g['pop-film'],58.24027865978606,0.0,56.146869915113605,60.33564592805101,0.0,0.0,gaussian
"beta_g['pop-film','danceability']",1.124268394140847,0.6750076920504604,-0.11027905748208663,2.421966948812587,0.0,0.0,gaussian
"beta_g['pop-film','energy']",0.2213346097005396,1.0879743996114677,-1.9401391342167027,2.2070017474818493,0.0,0.0,gaussian
"beta_g['pop-film','loudness']",-0.7090677212018538,1.1265557360630394,-2.895333124752919,1.3162868402618115,0.0,0.0,gaussian
"beta_g['pop-film','speechiness']",-0.48878754824329157,0.6854947772414983,-1.8266706951615135,0.7766919125532403,0.0,0.0,gaussian
"beta_g['pop-film','acousticness']",-2.1898610394995486,0.7356207498536769,-3.5302397408626964,-0.8093711742294448,0.0,0.0,gaussian
"beta_g['pop-film','instrumentalness']",0.549924341432193,1.6764116975195613,-2.4991888936680056,3.791899147031192,0.0,0.0,gaussian
"beta_g['pop-film','liveness']",-1.0706876618255698,0.5204638299675641,-2.0403226217842625,-0.09805693211090429,0.0,0.0,gaussian
"beta_g['pop-film','valence']",-1.75337615028591,0.6617237910519647,-2.9754000439040778,-0.5001261207726277,0.0,0.0,gaussian
"beta_g['pop-film','tempo']",0.1980247689566411,0.30849604720924706,-0.34905973178521904,0.8082515409001183,0.0,0.0,gaussian
"beta_g['pop-film','explicit']",0.4663321447180958,1.2031215542850635,-1.8241319414349046,2.654632526015239,0.0,0.0,gaussian
alpha_g['power-pop'],29.66324862724627,0.0,27.935409566511076,31.498464406687912,0.0,0.0,gaussian
"beta_g['power-pop','danceability']",2.52595641013386,0.6559694952253898,1.2704568623869228,3.7786143910578036,0.0,0.0,gaussian
"beta_g['power-pop','energy']",-1.991063863951644,1.0154226171046166,-3.908793615783407,-0.07158596852410092,0.0,0.0,gaussian
"beta_g['power-pop','loudness']",0.7027202175874886,0.9574364626410939,-1.1041383090986239,2.5798212918578063,0.0,0.0,gaussian
"beta_g['power-pop','speechiness']",-0.5009730648177572,0.8370633086029701,-2.118901947447851,1.0806898099935032,0.0,0.0,gaussian
"beta_g['power-pop','acousticness']",-0.7404132590086553,0.9261794112250015,-2.4926563924634517,0.9982465343110811,0.0,0.0,gaussian
"beta_g['power-pop','instrumentalness']",-0.5763529647739593,0.6924374789686587,-1.8426292546294043,0.7440221759696231,0.0,0.0,gaussian
"beta_g['power-pop','liveness']",-0.12822468496524342,0.4182935167523041,-0.9007439598328902,0.6563439903174112,0.0,0.0,gaussian
"beta_g['power-pop','valence']",-0.300434173148865,0.5686245407306761,-1.3366997028437828,0.7950230622551074,0.0,0.0,gaussian
"beta_g['power-pop','tempo']",-0.009860822693879067,0.28100474775620227,-0.5502788574535283,0.5225546391381981,0.0,0.0,gaussian
"beta_g['power-pop','explicit']",0.08454922519273458,0.6012396633375252,-1.0376257203913548,1.2892327801842436,0.0,0.0,gaussian
alpha_g['progressive-house'],49.134348794663985,0.0,46.46484930495314,51.562617392007986,0.0,0.0,gaussian
"beta_g['progressive-house','danceability']",1.7136778430614652,0.7260629473937532,0.3229505029444376,3.08497774555754,0.0,0.0,gaussian
"beta_g['progressive-house','energy']",-2.783803760432886,1.104482469957392,-4.808114213662203,-0.7000015707723563,0.0,0.0,gaussian
"beta_g['progressive-house','loudness']",4.385620643690078,1.3033965583565728,1.9746278739837484,6.9367754060178,0.0,0.0,gaussian
"beta_g['progressive-house','speechiness']",-0.5241776632514563,0.5721807893134353,-1.5391422767709955,0.569580439974049,0.0,0.0,gaussian
"beta_g['progressive-house','acousticness']",1.1997749820621624,1.3804879070890408,-1.389214890148719,3.735087830096985,0.0,0.0,gaussian
"beta_g['progressive-house','instrumentalness']",0.052933548735927795,0.5229818270847093,-1.0177943298880257,0.9915536021654356,0.0,0.0,gaussian
"beta_g['progressive-house','liveness']",0.007425094078350446,0.41686088432314977,-0.7468804499109579,0.8042784657400507,0.0,0.0,gaussian
"beta_g['progressive-house','valence']",-0.08017882147853955,0.6187050207932577,-1.2831763051219167,1.0868661069352983,0.0,0.0,gaussian
"beta_g['progressive-house','tempo']",-0.08741533264306649,0.34804401932443874,-0.7724436331082737,0.5463097508201701,0.0,0.0,gaussian
"beta_g['progressive-house','explicit']",0.34965612778441724,0.5281576999599653,-0.6193523541387601,1.3661139236121138,0.0,0.0,gaussian
alpha_g['psych-rock'],43.436156888296885,0.0,41.76327269547211,45.19447638417642,0.0,0.0,gaussian
"beta_g['psych-rock','danceability']",1.2708383464623232,0.6599901519244491,-0.06694644807332195,2.5385567317863535,0.0,0.0,gaussian
"beta_g['psych-rock','energy']",-3.835488917256953,1.089587664706481,-5.838355318345059,-1.7960067220846774,0.0,0.0,gaussian
"beta_g['psych-rock','loudness']",-0.5008406893694551,0.9235756677858471,-2.1931960445269536,1.269248921301189,0.0,0.0,gaussian
"beta_g['psych-rock','speechiness']",-0.9684751295338774,0.8965033673850338,-2.6448380234429703,0.700892772443229,0.0,0.0,gaussian
"beta_g['psych-rock','acousticness']",-1.6110161876866702,0.6543808748707645,-2.9163473493041723,-0.4112582703036069,0.0,0.0,gaussian
"beta_g['psych-rock','instrumentalness']",1.1757372781608937,0.7163357740630142,-0.19429621227144545,2.5190590933168235,0.0,0.0,gaussian
"beta_g['psych-rock','liveness']",-0.11602536692668877,0.3975648838689656,-0.8361200041684798,0.6407494326541323,0.0,0.0,gaussian
"beta_g['psych-rock','valence']",-0.45527175477418436,0.6384614874230041,-1.663798423759344,0.7218795538151179,0.0,0.0,gaussian
"beta_g['psych-rock','tempo']",-0.23255732970644089,0.32434546490512534,-0.8770956383963076,0.31566084428830493,0.0,0.0,gaussian
"beta_g['psych-rock','explicit']",-0.012641557356895804,0.8742974560087128,-1.6156775291416665,1.567504233413809,0.0,0.0,gaussian
alpha_g['punk'],44.964737995581,0.0,43.03626671157537,46.85435087622369,0.0,0.0,gaussian
"beta_g['punk','danceability']",-0.7357963225621228,0.7478374051795498,-2.0784799622052628,0.645120563694511,0.0,0.0,gaussian
"beta_g['punk','energy']",-2.892509393834999,1.1520706930199909,-5.1023243645351055,-0.8108211870425622,0.0,0.0,gaussian
"beta_g['punk','loudness']",2.266692969518999,1.2481131055945125,-0.06641751522641137,4.620268088859624,0.0,0.0,gaussian
"beta_g['punk','speechiness']",-0.3389791806631797,0.7989416468104339,-1.79387814127418,1.209267908426553,0.0,0.0,gaussian
"beta_g['punk','acousticness']",-1.4790902168008226,1.0186673541639328,-3.430491165281936,0.37705525641231585,0.0,0.0,gaussian
"beta_g['punk','instrumentalness']",2.2121698767629363,1.1432753473960007,0.052678799386035646,4.407919049682157,0.0,0.0,gaussian
"beta_g['punk','liveness']",-0.40260738390404444,0.423953795258904,-1.198622266108928,0.3700336371542682,0.0,0.0,gaussian
"beta_g['punk','valence']",0.8304918671546299,0.6606379578532664,-0.4017336605254884,2.121990630035133,0.0,0.0,gaussian
"beta_g['punk','tempo']",-0.2564814755711705,0.33734123534191773,-0.9520442075608974,0.3184727093708284,0.0,0.0,gaussian
"beta_g['punk','explicit']",1.3508291585908765,0.46379821228234747,0.4872941977144752,2.1961264280127075,0.0,0.0,gaussian
alpha_g['punk-rock'],39.66756921192498,0.0,36.98438364564601,42.32021550426951,0.0,0.0,gaussian
"beta_g['punk-rock','danceability']",0.4675331685433571,0.9658158156830938,-1.362311384078999,2.2943112842494906,0.0,0.0,gaussian
"beta_g['punk-rock','energy']",-0.5079329198847264,1.4935695798029887,-3.317755808603343,2.2480800507999947,0.0,0.0,gaussian
"beta_g['punk-rock','loudness']",1.2959379139927465,1.5003789733313204,-1.383379515978606,4.096917940321478,0.0,0.0,gaussian
"beta_g['punk-rock','speechiness']",-0.14771030350092043,1.0097638093086685,-2.0662318305478826,1.7363520712065077,0.0,0.0,gaussian
"beta_g['punk-rock','acousticness']",-1.0052687410753043,1.2835950911014304,-3.453105442362539,1.369106184840189,0.0,0.0,gaussian
"beta_g['punk-rock','instrumentalness']",1.6408849945999846,1.6233373340109984,-1.4039259656512875,4.81450351047253,0.0,0.0,gaussian
"beta_g['punk-rock','liveness']",-0.5067636134674662,0.49727490149474063,-1.4212185624216502,0.42107626757348654,0.0,0.0,gaussian
"beta_g['punk-rock','valence']",-0.44058738152421334,0.826941747261844,-1.9453872271690937,1.0319206247182813,0.0,0.0,gaussian
"beta_g['punk-rock','tempo']",-0.0023033689860123704,0.3316473151670972,-0.671054647088593,0.6529597737693413,0.0,0.0,gaussian
"beta_g['punk-rock','explicit']",0.9836503435326022,0.7334981609826895,-0.3727970266787024,2.3360594611709913,0.0,0.0,gaussian
alpha_g['r-n-b'],45.8113603816701,0.0,43.15555558324253,48.468538395819934,0.0,0.0,gaussian
"beta_g['r-n-b','danceability']",-0.9017220679420188,0.8127175579751579,-2.3855277044624534,0.5882804855795052,0.0,0.0,gaussian
"beta_g['r-n-b','energy']",-1.0730449867880054,1.1147390977109328,-3.1408511634625347,1.1248867063496029,0.0,0.0,gaussian
"beta_g['r-n-b','loudness']",-1.58328030650772,1.2261236403751232,-3.9447657090249666,0.689618190258221,0.0,0.0,gaussian
"beta_g['r-n-b','speechiness']",-0.3457954604796267,0.49536273111390206,-1.2732367298904252,0.5487066316694589,0.0,0.0,gaussian
"beta_g['r-n-b','acousticness']",0.13496696689635904,0.8989869891373065,-1.5205425952897902,1.8708029261631105,0.0,0.0,gaussian
"beta_g['r-n-b','instrumentalness']",-0.36548667154341075,2.0926647713251274,-4.282172968493859,3.51256625671274,0.0,0.0,gaussian
"beta_g['r-n-b','liveness']",-0.8673507722420576,0.46880280062320684,-1.7557610090798956,0.0044719295551187655,0.0,0.0,gaussian
"beta_g['r-n-b','valence']",0.3050365554956082,0.7273141543295026,-1.0150064172218367,1.7194307504529445,0.0,0.0,gaussian
"beta_g['r-n-b','tempo']",0.04408447979817108,0.3205755990845488,-0.5645142298275948,0.6763126206637807,0.0,0.0,gaussian
"beta_g['r-n-b','explicit']",3.107457604210439,0.5601606431234362,2.085649254207994,4.169240821038826,0.0,0.0,gaussian
alpha_g['reggae'],44.282084203509825,0.0,40.535576064871584,48.243070947695934,0.0,0.0,gaussian
"beta_g['reggae','danceability']",-0.8684074453593101,1.057626916914003,-2.889562668319429,1.1083684089257082,0.0,0.0,gaussian
"beta_g['reggae','energy']",-1.993024438425343,1.777733717361581,-5.399815781682858,1.3415909813092606,0.0,0.0,gaussian
"beta_g['reggae','loudness']",-12.865415936330493,2.121976315495428,-16.962683832193733,-8.967723245458364,0.0,0.0,gaussian
"beta_g['reggae','speechiness']",-1.9162162651352732,0.6897348079486744,-3.2197614393440235,-0.5615597682014142,0.0,0.0,gaussian
"beta_g['reggae','acousticness']",-3.5237315139433485,1.4121184757476897,-6.160875823627719,-0.8958353373158533,0.0,0.0,gaussian
"beta_g['reggae','instrumentalness']",0.030741848214055484,2.032532739248688,-3.7599887472197056,4.001153928278386,0.0,0.0,gaussian
"beta_g['reggae','liveness']",-0.05187576819261917,0.5934065342877888,-1.1449184224040292,1.0778088387390248,0.0,0.0,gaussian
"beta_g['reggae','valence']",4.403562614308892,1.1725145481185197,2.2415794899732804,6.783549811412857,0.0,0.0,gaussian
"beta_g['reggae','tempo']",-0.35146562482015953,0.3866335780144689,-1.1486613692644934,0.3158598993998666,0.0,0.0,gaussian
"beta_g['reggae','explicit']",-1.939892009297328,0.7091307254560082,-3.3538340880790054,-0.6223836121836236,0.0,0.0,gaussian
alpha_g['reggaeton'],47.32993330383115,0.0,41.730087855574986,52.67194005536167,0.0,0.0,gaussian
"beta_g['reggaeton','danceability']",1.1056279630685144,1.3211348932654128,-1.317253705562744,3.536407788124771,0.0,0.0,gaussian
"beta_g['reggaeton','energy']",-2.6577268354394197,2.054642398111154,-6.4568498361754765,1.0807519959673229,0.0,0.0,gaussian
"beta_g['reggaeton','loudness']",5.72927094579676,2.497419921838294,1.2045822424737007,10.440795076059858,0.0,0.0,gaussian
"beta_g['reggaeton','speechiness']",-1.7541340226909274,0.8654295130257543,-3.3500570162431758,-0.054967557027280046,0.0,0.0,gaussian
"beta_g['reggaeton','acousticness']",-0.8554246237405116,1.7305599113332881,-4.039740693301703,2.3296048955350868,0.0,0.0,gaussian
"beta_g['reggaeton','instrumentalness']",-0.19640271493290531,2.088189678877712,-4.034885907810826,3.7741517193373264,0.0,0.0,gaussian
"beta_g['reggaeton','liveness']",-0.7061261752165496,0.6764809070604854,-2.069380478540122,0.5017119139875785,0.0,0.0,gaussian
"beta_g['reggaeton','valence']",-0.08520978895928637,1.1992658745845874,-2.3447345674236173,2.133850319591809,0.0,0.0,gaussian
"beta_g['reggaeton','tempo']",0.08900614801288528,0.36837046306440746,-0.6238501691370726,0.7912117423822803,0.0,0.0,gaussian
"beta_g['reggaeton','explicit']",0.25722167019105374,0.8310848073441945,-1.2743204814978528,1.8372339765017296,0.0,0.0,gaussian
alpha_g['rock'],39.003622014871326,0.0,36.192344567393576,42.01781096514067,0.0,0.0,gaussian
"beta_g['rock','danceability']",4.259145907963711,1.0862040279939378,2.2170333215863702,6.319735771728558,0.0,0.0,gaussian
"beta_g['rock','energy']",-1.2460067630885021,1.5713399991087222,-4.108190869231715,1.6715920816012564,0.0,0.0,gaussian
"beta_g['rock','loudness']",-0.8071862767334187,1.8191881305932778,-4.288887965535991,2.51228994277478,0.0,0.0,gaussian
"beta_g['rock','speechiness']",2.372056537573461,1.1094972478864518,0.35815098281953023,4.5001261508997255,0.0,0.0,gaussian
"beta_g['rock','acousticness']",0.4679846384892655,1.2782771799381791,-1.9295812032552628,2.879022376708322,0.0,0.0,gaussian
"beta_g['rock','instrumentalness']",-5.417952029799348,1.992509277059979,-9.452011829385894,-1.774472357969747,0.0,0.0,gaussian
"beta_g['rock','liveness']",0.045645425522739,0.6210730804294827,-1.0824988887783191,1.221715342813156,0.0,0.0,gaussian
"beta_g['rock','valence']",-0.01349324771411947,1.044298710102271,-1.964170852652292,1.9116861377436847,0.0,0.0,gaussian
"beta_g['rock','tempo']",-0.4995535393262663,0.40816837958563573,-1.3736860701862785,0.10977448837687125,0.0,0.0,gaussian
"beta_g['rock','explicit']",0.2613497277685616,0.855048861273605,-1.3225418665316306,1.8609080857811704,0.0,0.0,gaussian
alpha_g['rock-n-roll'],37.22572479897914,0.0,34.919764402680286,39.40578165321438,0.0,0.0,gaussian
"beta_g['rock-n-roll','danceability']",-0.8303938427553861,0.6298754771685539,-2.0618406769021886,0.323562081206615,0.0,0.0,gaussian
"beta_g['rock-n-roll','energy']",1.4017173486181522,0.9731793710026926,-0.402241668625061,3.2204918223866983,0.0,0.0,gaussian
"beta_g['rock-n-roll','loudness']",-1.8187688912148054,0.82632471948936,-3.4243556217447706,-0.2792914446464743,0.0,0.0,gaussian
"beta_g['rock-n-roll','speechiness']",0.46519424511168284,0.8213937482139289,-1.0641942715219601,2.047778149609643,0.0,0.0,gaussian
"beta_g['rock-n-roll','acousticness']",0.7041269404861809,0.5893223121200594,-0.38310865547933076,1.8217876335204872,0.0,0.0,gaussian
"beta_g['rock-n-roll','instrumentalness']",1.1753375924765468,1.396764984560546,-1.3770347962529164,3.957818769513901,0.0,0.0,gaussian
"beta_g['rock-n-roll','liveness']",-0.43431071773300756,0.4163513048539847,-1.2279834131100373,0.3219060327801911,0.0,0.0,gaussian
"beta_g['rock-n-roll','valence']",0.7681939328686355,0.6431628613173983,-0.45589464226891446,1.9788599510995042,0.0,0.0,gaussian
"beta_g['rock-n-roll','tempo']",-0.14395628143859435,0.2829303251285762,-0.6868462028134749,0.34674270481987207,0.0,0.0,gaussian
"beta_g['rock-n-roll','explicit']",0.07572848383616994,1.1010438812328858,-2.0882299415373793,2.0319418607954525,0.0,0.0,gaussian
alpha_g['rockabilly'],31.291906167148902,0.0,29.243926003402052,33.31370444555383,0.0,0.0,gaussian
"beta_g['rockabilly','danceability']",-0.9711150868679974,0.7365842793469778,-2.343602868461675,0.42595766185009565,0.0,0.0,gaussian
"beta_g['rockabilly','energy']",-2.7411748271901004,1.0767537566937242,-4.843585338696349,-0.7683322869748226,0.0,0.0,gaussian
"beta_g['rockabilly','loudness']",-0.2687925229057397,1.0580025506430266,-2.2052610826142556,1.8599734220791457,0.0,0.0,gaussian
"beta_g['rockabilly','speechiness']",0.4799379777562116,0.819512652401586,-1.0524644101669174,2.0268192930476077,0.0,0.0,gaussian
"beta_g['rockabilly','acousticness']",3.3934143774224697,0.7001113142111456,2.141136710909744,4.693401227207421,0.0,0.0,gaussian
"beta_g['rockabilly','instrumentalness']",0.03234865931995662,1.1091492668619953,-1.9759226304161006,2.1478170381464525,0.0,0.0,gaussian
"beta_g['rockabilly','liveness']",-0.8010315905648584,0.4836395018829366,-1.7430807048808201,0.09082048201806066,0.0,0.0,gaussian
"beta_g['rockabilly','valence']",0.1559436211222128,0.7504919576000119,-1.2911204196102948,1.5871660558118383,0.0,0.0,gaussian
"beta_g['rockabilly','tempo']",-0.07859024332203919,0.2726099360391264,-0.6331771080577971,0.4362386661823755,0.0,0.0,gaussian
"beta_g['rockabilly','explicit']",-0.09677731720654571,0.9934189801688611,-1.919940572881483,1.700231673877735,0.0,0.0,gaussian
alpha_g['romance'],11.909010980892582,0.0,8.48989574426005,15.364315377450767,0.0,0.0,gaussian
"beta_g['romance','danceability']",0.43472209824505254,0.8108172921186818,-1.1421413849432769,1.952596629796437,0.0,0.0,gaussian
"beta_g['romance','energy']",0.6435854200805714,1.421901316197475,-2.004725977759202,3.393699022831,0.0,0.0,gaussian
"beta_g['romance','loudness']",0.0667468542117644,1.113689887398361,-2.07445339871185,2.205093166692454,0.0,0.0,gaussian
"beta_g['romance','speechiness']",-0.7935545509634249,0.9164525562811188,-2.5281813804674873,0.8865900067134304,0.0,0.0,gaussian
"beta_g['romance','acousticness']",-0.9407862702193991,1.0807451355676072,-2.963379812168012,1.0582128399234958,0.0,0.0,gaussian
"beta_g['romance','instrumentalness']",0.009534537307485318,1.2538078097141594,-2.5231752065755866,2.3056275851337458,0.0,0.0,gaussian
"beta_g['romance','liveness']",-0.3730000822119071,0.4984259936237963,-1.3202792837276927,0.5433798612076931,0.0,0.0,gaussian
"beta_g['romance','valence']",-0.18367433914131656,0.8499324305706881,-1.8290235552244356,1.3712982481968443,0.0,0.0,gaussian
"beta_g['romance','tempo']",-0.02113973129783138,0.3150523535671157,-0.6531255704889318,0.5726910130077502,0.0,0.0,gaussian
"beta_g['romance','explicit']",0.6475120252249214,1.1645131150367052,-1.4846723434547862,2.8686966398657994,0.0,0.0,gaussian
alpha_g['sad'],51.258751266333235,0.0,49.00263670974978,53.44748214056986,0.0,0.0,gaussian
"beta_g['sad','danceability']",0.6437247105646955,0.7123421753459144,-0.6848853070141657,1.9665880903823765,0.0,0.0,gaussian
"beta_g['sad','energy']",-0.5744825019579166,1.2062837052665378,-2.8470633083677903,1.7630300058840198,0.0,0.0,gaussian
"beta_g['sad','loudness']",-0.030793111485746864,1.0346223798702527,-1.951420447372208,1.9022171877442027,0.0,0.0,gaussian
"beta_g['sad','speechiness']",0.7309883863400364,0.3744439958237705,0.03500647271502468,1.439959928809154,0.0,0.0,gaussian
"beta_g['sad','acousticness']",-1.3828493804553286,0.6965986845248924,-2.7046413858104197,-0.0888240697134217,0.0,0.0,gaussian
"beta_g['sad','instrumentalness']",0.786969352227104,0.8287407164579094,-0.7733650767262537,2.3325576989619448,0.0,0.0,gaussian
"beta_g['sad','liveness']",0.3327922772542314,0.5723489325353178,-0.7322816179286374,1.4702943073031614,0.0,0.0,gaussian
"beta_g['sad','valence']",0.6907853989966255,0.7331994930062306,-0.6895815778867294,2.0878654704940423,0.0,0.0,gaussian
"beta_g['sad','tempo']",-0.16124443281743395,0.285652274742593,-0.709550786906117,0.37173867196927796,0.0,0.0,gaussian
"beta_g['sad','explicit']",0.2684100599266379,0.31231198361251217,-0.33500317436195487,0.857119785404201,0.0,0.0,gaussian
alpha_g['salsa'],30.91422744531984,0.0,28.691599343354422,33.20780331443919,0.0,0.0,gaussian
"beta_g['salsa','danceability']",0.6096378851223943,0.6815431916414793,-0.6787646182269663,1.9962227208663237,0.0,0.0,gaussian
"beta_g['salsa','energy']",-0.7620866170060576,1.0200139486685464,-2.794194152726692,1.139997800797934,0.0,0.0,gaussian
"beta_g['salsa','loudness']",0.6510554538968961,1.006924862397261,-1.315408100283857,2.5152171237800944,0.0,0.0,gaussian
"beta_g['salsa','speechiness']",0.026068042121082585,0.6554626592343842,-1.2177091265947613,1.2565483440178653,0.0,0.0,gaussian
"beta_g['salsa','acousticness']",-0.14913066078464,0.7114947528939238,-1.467490316535357,1.1824695828021188,0.0,0.0,gaussian
"beta_g['salsa','instrumentalness']",-0.049264295766612745,1.356480535958829,-2.6575504066697504,2.408035158828848,0.0,0.0,gaussian
"beta_g['salsa','liveness']",-0.350501194268479,0.4081605939777505,-1.1044412923820854,0.4217617661515977,0.0,0.0,gaussian
"beta_g['salsa','valence']",-0.040960581742585406,0.7074396542304122,-1.3898951141125877,1.279138807971051,0.0,0.0,gaussian
"beta_g['salsa','tempo']",-0.05152326125368066,0.26841075327022484,-0.5753435763404354,0.47889323754037444,0.0,0.0,gaussian
"beta_g['salsa','explicit']",0.41293826742716117,1.0576424467347487,-1.6665496562158515,2.4260276410198354,0.0,0.0,gaussian
alpha_g['samba'],37.12894113368732,0.0,34.713845059281056,39.62175288343903,0.0,0.0,gaussian
"beta_g['samba','danceability']",0.14546271438632236,0.780530903338726,-1.2554805794297428,1.5869487694400723,0.0,0.0,gaussian
"beta_g['samba','energy']",-0.2019624170739445,1.1400819090128338,-2.3121465992331567,1.9317906763311228,0.0,0.0,gaussian
"beta_g['samba','loudness']",-0.7725812863741469,1.1389480465290922,-2.86425595230432,1.3560495302459918,0.0,0.0,gaussian
"beta_g['samba','speechiness']",-0.43691883807900345,0.501692969530272,-1.3816029744897302,0.5062566427340808,0.0,0.0,gaussian
"beta_g['samba','acousticness']",0.47452188980371146,0.7496351207695449,-0.8646195307374932,1.8945172330754203,0.0,0.0,gaussian
"beta_g['samba','instrumentalness']",-0.057465503701487536,1.853142867618698,-3.348874244250919,3.305516932636061,0.0,0.0,gaussian
"beta_g['samba','liveness']",0.13742684487068318,0.312838386984278,-0.43467746327016765,0.7289800917210041,0.0,0.0,gaussian
"beta_g['samba','valence']",0.4338164496563496,0.7452943451435401,-1.0071255512764137,1.871310360024591,0.0,0.0,gaussian
"beta_g['samba','tempo']",0.07538376304034342,0.29399338056887075,-0.44613995474618795,0.6628933823789684,0.0,0.0,gaussian
"beta_g['samba','explicit']",0.5355204977819142,1.1267780208449925,-1.581027262206545,2.6934480056429217,0.0,0.0,gaussian
alpha_g['sertanejo'],47.869856576293394,0.0,44.96722432574651,50.75231646036165,0.0,0.0,gaussian
"beta_g['sertanejo','danceability']",-0.020136492408387455,0.6510116262547403,-1.2452003583476534,1.2261225005507257,0.0,0.0,gaussian
"beta_g['sertanejo','energy']",-0.10077427962668915,1.0538600559032656,-2.0994843797211526,1.7985247585894228,0.0,0.0,gaussian
"beta_g['sertanejo','loudness']",0.5404953759420431,1.2990493015561444,-1.9928037330258677,2.920624578561155,0.0,0.0,gaussian
"beta_g['sertanejo','speechiness']",0.47152198134751894,0.6556793319325273,-0.7369678722926569,1.6942559876262198,0.0,0.0,gaussian
"beta_g['sertanejo','acousticness']",0.16482881132613048,0.729736439149191,-1.1952633765902727,1.6459057549305722,0.0,0.0,gaussian
"beta_g['sertanejo','instrumentalness']",-0.16463283630495099,2.135086939320208,-4.27586033933492,4.027515493159142,0.0,0.0,gaussian
"beta_g['sertanejo','liveness']",-0.03795120850960251,0.2766358116068807,-0.5605897094973812,0.4713771844665777,0.0,0.0,gaussian
"beta_g['sertanejo','valence']",-0.42984847418034483,0.706558370912505,-1.762261724247705,0.9270487396092367,0.0,0.0,gaussian
"beta_g['sertanejo','tempo']",0.06005532388526557,0.27722064559039206,-0.4657714969605962,0.6018348109291285,0.0,0.0,gaussian
"beta_g['sertanejo','explicit']",0.33358833399433235,0.9999495178477029,-1.5867970879433437,2.21325493183622,0.0,0.0,gaussian
alpha_g['show-tunes'],35.60295440700978,0.0,33.71947946538853,37.478382930259016,0.0,0.0,gaussian
"beta_g['show-tunes','danceability']",1.3325922372346213,0.607487147396486,0.16638755444817263,2.4833495690518883,0.0,0.0,gaussian
"beta_g['show-tunes','energy']",-3.632110196765395,1.0502845986761442,-5.560702104926507,-1.6985017061326804,0.0,0.0,gaussian
"beta_g['show-tunes','loudness']",1.9915547796265016,0.7695217909292069,0.5382224498854022,3.3607275709179723,0.0,0.0,gaussian
"beta_g['show-tunes','speechiness']",0.16184723434093037,0.2865648288542579,-0.38941612016173255,0.7053022911212973,0.0,0.0,gaussian
"beta_g['show-tunes','acousticness']",-5.921533894389325,0.7194069619963356,-7.271555271388795,-4.537643508438922,0.0,0.0,gaussian
"beta_g['show-tunes','instrumentalness']",-2.5778707575871627,1.101922299213008,-4.7498028143424795,-0.49834894700085836,0.0,0.0,gaussian
"beta_g['show-tunes','liveness']",-1.1396783844270217,0.3981686447456059,-1.8570153754960765,-0.39323946253126835,0.0,0.0,gaussian
"beta_g['show-tunes','valence']",-0.2846363187122991,0.6494414653807216,-1.501008337587408,0.9270263731755243,0.0,0.0,gaussian
"beta_g['show-tunes','tempo']",-0.0948265025963636,0.2731121214828378,-0.6311971513776494,0.428796741993673,0.0,0.0,gaussian
"beta_g['show-tunes','explicit']",2.646063814902417,0.7365605801233042,1.3233266126645393,4.054568950624604,0.0,0.0,gaussian
alpha_g['singer-songwriter'],53.39150729445558,0.0,50.92399790312868,55.78070077770414,0.0,0.0,gaussian
"beta_g['singer-songwriter','danceability']",1.1999084646327773,0.8080197595359737,-0.3816743109596256,2.688020281870921,0.0,0.0,gaussian
"beta_g['singer-songwriter','energy']",0.8628490906583703,1.3337846464917031,-1.6982983723044012,3.4314333726916937,0.0,0.0,gaussian
"beta_g['singer-songwriter','loudness']",0.9487748310725066,1.1521498356861333,-1.1376380405595419,3.077530431239153,0.0,0.0,gaussian
"beta_g['singer-songwriter','speechiness']",1.538202509004926,0.8037174303448913,-0.01625732243694384,3.046322372304908,0.0,0.0,gaussian
"beta_g['singer-songwriter','acousticness']",-0.13962977187778147,0.9154948125879339,-1.81366132065827,1.683694830339596,0.0,0.0,gaussian
"beta_g['singer-songwriter','instrumentalness']",-0.10052855445033629,1.3467620895359196,-2.6372815105383403,2.4318020842198815,0.0,0.0,gaussian
"beta_g['singer-songwriter','liveness']",-0.6152115544105982,0.6426407387198476,-1.8080198497155255,0.5720223671774356,0.0,0.0,gaussian
"beta_g['singer-songwriter','valence']",0.5369059878144004,0.8128628547011133,-1.017259715389276,2.027192723755981,0.0,0.0,gaussian
"beta_g['singer-songwriter','tempo']",-0.01646486317009146,0.30125056370235587,-0.5845496991712081,0.5717312367611799,0.0,0.0,gaussian
"beta_g['singer-songwriter','explicit']",-0.4403586305445477,0.600695780930126,-1.6327549243636346,0.7080691366089991,0.0,0.0,gaussian
alpha_g['ska'],35.82410142494012,0.0,33.68399204723618,37.97834451707523,0.0,0.0,gaussian
"beta_g['ska','danceability']",0.5780285828076255,0.6641038642305866,-0.6802652069322778,1.8022932572999102,0.0,0.0,gaussian
"beta_g['ska','energy']",0.28605828987066334,1.073025208048012,-1.7546222085426324,2.3146738213004245,0.0,0.0,gaussian
"beta_g['ska','loudness']",-0.4362009180022102,1.1669638153087956,-2.57657135236667,1.77420610269461,0.0,0.0,gaussian
"beta_g['ska','speechiness']",-0.04266065230459649,0.6704060060512116,-1.3139964160330901,1.2239785008807273,0.0,0.0,gaussian
"beta_g['ska','acousticness']",-0.19618374199542127,0.8762464304790112,-1.7972621848934587,1.4744380436290885,0.0,0.0,gaussian
"beta_g['ska','instrumentalness']",-0.41075108310674674,1.395222052060124,-3.0054591915439244,2.12175261860039,0.0,0.0,gaussian
"beta_g['ska','liveness']",-0.13000521727077227,0.3519189946016558,-0.7946795121849599,0.5457721948060066,0.0,0.0,gaussian
"beta_g['ska','valence']",0.06664347787576345,0.6419553206092405,-1.1540078570639312,1.2824488796958433,0.0,0.0,gaussian
"beta_g['ska','tempo']",0.04600192177998671,0.29689195192631296,-0.5122428105217373,0.6140694919075448,0.0,0.0,gaussian
"beta_g['ska','explicit']",0.4108930592107259,0.6941435684794571,-0.9113467615212324,1.7363404845805963,0.0,0.0,gaussian
alpha_g['soul'],55.173381237002445,0.0,52.451856544565345,57.806393718751266,0.0,0.0,gaussian
"beta_g['soul','danceability']",-0.26729789046928126,1.0096693117834714,-2.1347467654208447,1.6236598575600962,0.0,0.0,gaussian
"beta_g['soul','energy']",-1.9805777710890102,1.4933929892413238,-4.661764702567636,0.8896905604464087,0.0,0.0,gaussian
"beta_g['soul','loudness']",2.6933266228533443,1.7532850841331935,-0.7365644285165475,5.993343685402643,0.0,0.0,gaussian
"beta_g['soul','speechiness']",1.1254190276127076,0.8718402997665852,-0.4904140156503959,2.7182794476079506,0.0,0.0,gaussian
"beta_g['soul','acousticness']",-0.19407440086821487,1.094146561225152,-2.2615374373521666,1.7404740945705333,0.0,0.0,gaussian
"beta_g['soul','instrumentalness']",1.401263967781893,1.4946624626848712,-1.4085156883497305,4.210880833451025,0.0,0.0,gaussian
"beta_g['soul','liveness']",-1.1044994902323173,0.61109682940557,-2.3153947996454356,0.016877182246358122,0.0,0.0,gaussian
"beta_g['soul','valence']",-0.4569913873597135,0.864343803773594,-2.0788756910705994,1.1065556598171948,0.0,0.0,gaussian
"beta_g['soul','tempo']",0.07592420132732722,0.3360467658070001,-0.5410710051027452,0.747102810363418,0.0,0.0,gaussian
"beta_g['soul','explicit']",1.7172880869055385,0.49442325682665195,0.7786073601182135,2.6431762789206967,0.0,0.0,gaussian
alpha_g['spanish'],39.093585786991234,0.0,37.71794477982949,40.51275181317698,0.0,0.0,gaussian
"beta_g['spanish','danceability']",3.5902882086545578,0.5812816785750649,2.503794979377079,4.658588366300179,0.0,0.0,gaussian
"beta_g['spanish','energy']",-3.8703384367890363,0.885892162074504,-5.459950136829307,-2.2124178960404817,0.0,0.0,gaussian
"beta_g['spanish','loudness']",8.600300176664177,0.9707945644407882,6.810929520358248,10.484347066314381,0.0,0.0,gaussian
"beta_g['spanish','speechiness']",-1.798851952131216,0.41877168091727485,-2.5726366141212598,-0.983074226910245,0.0,0.0,gaussian
"beta_g['spanish','acousticness']",-1.5358132482487412,0.6529560117055427,-2.737567801084513,-0.3043056192394651,0.0,0.0,gaussian
"beta_g['spanish','instrumentalness']",-2.2241566831021684,1.1775367302812938,-4.415320287385297,-0.045568257232069816,0.0,0.0,gaussian
"beta_g['spanish','liveness']",-1.4281394295023824,0.3409848987531383,-2.0740305015749883,-0.7731692104147636,0.0,0.0,gaussian
"beta_g['spanish','valence']",0.3420531791642419,0.5475894521948798,-0.7276464363913812,1.3518653972983627,0.0,0.0,gaussian
"beta_g['spanish','tempo']",0.31189474535872835,0.2939696333282589,-0.19078594569293492,0.9015325720098922,0.0,0.0,gaussian
"beta_g['spanish','explicit']",-0.8358916465983193,0.5810685539565306,-1.9772143532446,0.23633134588434643,0.0,0.0,gaussian
alpha_g['swedish'],42.77769438870326,0.0,41.1652590716219,44.38729462746582,0.0,0.0,gaussian
"beta_g['swedish','danceability']",2.361557869338515,0.668975264132648,1.0923947225467316,3.6491004502935263,0.0,0.0,gaussian
"beta_g['swedish','energy']",-0.10817051545408979,0.9988179658996077,-2.00957921833492,1.7105692494998925,0.0,0.0,gaussian
"beta_g['swedish','loudness']",3.4046666703352444,1.1199905847561273,1.2681649921514937,5.58178710813763,0.0,0.0,gaussian
"beta_g['swedish','speechiness']",-1.2648904437035604,0.5264783688703101,-2.2504011832685054,-0.2977160627128482,0.0,0.0,gaussian
"beta_g['swedish','acousticness']",-0.46891136015673873,0.685249993921544,-1.782730945315041,0.805966332464715,0.0,0.0,gaussian
"beta_g['swedish','instrumentalness']",-0.2322131628542407,1.3909162824273733,-2.9253198000783223,2.4298434520920273,0.0,0.0,gaussian
"beta_g['swedish','liveness']",-0.41789958986448317,0.4657168583478796,-1.3350738564711542,0.4751784624841765,0.0,0.0,gaussian
"beta_g['swedish','valence']",-2.807317103835447,0.6070649892213537,-3.9430444478324223,-1.6409704539213177,0.0,0.0,gaussian
"beta_g['swedish','tempo']",0.021086200931244466,0.3035443328440716,-0.5533165641380638,0.6205204243953205,0.0,0.0,gaussian
"beta_g['swedish','explicit']",-0.14634572592701528,0.4515003264975858,-1.0101784624382046,0.7162339535012907,0.0,0.0,gaussian
alpha_g['synth-pop'],38.00324895103987,0.0,36.57909276700926,39.365704446723036,0.0,0.0,gaussian
"beta_g['synth-pop','danceability']",0.9293060417580012,0.6380533518422935,-0.2899569365604984,2.0978184647538094,0.0,0.0,gaussian
"beta_g['synth-pop','energy']",-0.22877091720946865,0.9668627209731933,-2.0052952587635344,1.577513624212593,0.0,0.0,gaussian
"beta_g['synth-pop','loudness']",-1.3985159848114357,0.9143909693866457,-3.1808068011132518,0.2594665789665078,0.0,0.0,gaussian
"beta_g['synth-pop','speechiness']",-0.575166101794155,0.8558371562317165,-2.1846857450407997,1.037834083444453,0.0,0.0,gaussian
"beta_g['synth-pop','acousticness']",-0.8702573229566379,0.7770037764306729,-2.3273705724859193,0.6089383922547228,0.0,0.0,gaussian
"beta_g['synth-pop','instrumentalness']",0.4948734411868993,0.6824024655611398,-0.7686620228212531,1.7948995455980201,0.0,0.0,gaussian
"beta_g['synth-pop','liveness']",-0.9657769592075204,0.4653998780368488,-1.8476891310438694,-0.13841807252384783,0.0,0.0,gaussian
"beta_g['synth-pop','valence']",0.6375635209658339,0.5462539570269953,-0.405527231594813,1.6852711999718861,0.0,0.0,gaussian
"beta_g['synth-pop','tempo']",-0.08652805392839795,0.3033427054560362,-0.6902042057531936,0.46806074980389134,0.0,0.0,gaussian
"beta_g['synth-pop','explicit']",1.598209260739196,0.6246324237782055,0.45407818486661583,2.7832331053782737,0.0,0.0,gaussian
alpha_g['tango'],21.403327273539706,0.0,18.162060601217124,24.45107122329382,0.0,0.0,gaussian
"beta_g['tango','danceability']",-0.1615908207132993,0.6638124344286171,-1.395378301797715,1.118692020898902,0.0,0.0,gaussian
"beta_g['tango','energy']",0.7219781915952399,0.9787487094890167,-1.1659271645583051,2.5962916775958393,0.0,0.0,gaussian
"beta_g['tango','loudness']",-0.324462766140146,0.7706766098892792,-1.785865529315434,1.1015870593735742,0.0,0.0,gaussian
"beta_g['tango','speechiness']",0.32699482080940584,0.5150776296292295,-0.644632694049085,1.2968396849042823,0.0,0.0,gaussian
"beta_g['tango','acousticness']",-0.2302413198586718,0.9013429146919703,-1.9231108415009934,1.4495543129872603,0.0,0.0,gaussian
"beta_g['tango','instrumentalness']",-0.6137403354673653,0.47566637074975693,-1.4925940267927909,0.2700073158087116,0.0,0.0,gaussian
"beta_g['tango','liveness']",0.1292810476000378,0.37418426511765135,-0.5844282287215713,0.8377769118276799,0.0,0.0,gaussian
"beta_g['tango','valence']",-0.23375115231573823,0.6572663123000526,-1.490137107869754,1.020585631180281,0.0,0.0,gaussian
"beta_g['tango','tempo']",-0.023195241183112447,0.2872011714007975,-0.579864862811004,0.5128536528190065,0.0,0.0,gaussian
"beta_g['tango','explicit']",0.6257224040376574,1.2465100007867074,-1.6119489103231097,2.972051706196977,0.0,0.0,gaussian
alpha_g['techno'],39.58301476199463,0.0,36.878075310584414,42.32069708657479,0.0,0.0,gaussian
"beta_g['techno','danceability']",0.6514250523668006,0.9314310830842797,-1.116346068400927,2.4660884875196207,0.0,0.0,gaussian
"beta_g['techno','energy']",1.28050653186842,1.2033066106100496,-0.9961052229964537,3.4265517033804866,0.0,0.0,gaussian
"beta_g['techno','loudness']",0.8210304092898103,1.521355020154464,-1.9321215378784646,3.6873341318531185,0.0,0.0,gaussian
"beta_g['techno','speechiness']",0.6245672735978388,0.8434001415930196,-0.9399321221450107,2.237816755024091,0.0,0.0,gaussian
"beta_g['techno','acousticness']",-0.1573947748767676,1.3091956667434237,-2.55394980898189,2.2560197865134923,0.0,0.0,gaussian
"beta_g['techno','instrumentalness']",0.012312104625042276,0.7013273587241559,-1.2679156474838496,1.3247084900672559,0.0,0.0,gaussian
"beta_g['techno','liveness']",-0.6125777272224349,0.5266325513583499,-1.6539488614972757,0.39540997036172026,0.0,0.0,gaussian
"beta_g['techno','valence']",-0.7210363810414263,0.7118525482521811,-2.0246963237080435,0.6185823486362216,0.0,0.0,gaussian
"beta_g['techno','tempo']",0.011713598769343988,0.36323557242737714,-0.6517194911243829,0.7664935454556141,0.0,0.0,gaussian
"beta_g['techno','explicit']",0.31667995627306633,0.8172052799719397,-1.228389976341429,1.7756343676097208,0.0,0.0,gaussian
alpha_g['trance'],45.17542588537728,0.0,42.185058656659784,48.13141275226788,0.0,0.0,gaussian
"beta_g['trance','danceability']",0.546696623160008,0.7007432974598808,-0.7430648522975987,1.9115889873466176,0.0,0.0,gaussian
"beta_g['trance','energy']",-1.2014328768562315,1.1010818429844604,-3.3066568680033415,0.8063484457283481,0.0,0.0,gaussian
"beta_g['trance','loudness']",1.093437806519655,1.33585268332075,-1.4189375511483342,3.6642446728466167,0.0,0.0,gaussian
"beta_g['trance','speechiness']",-0.6093036931635475,0.5962025948101223,-1.727406187118124,0.4853169260072385,0.0,0.0,gaussian
"beta_g['trance','acousticness']",1.3615830114504421,1.6259465733678848,-1.7256866999306602,4.53374571417501,0.0,0.0,gaussian
"beta_g['trance','instrumentalness']",-2.7644996039705427,0.5303806120083825,-3.7824390767657183,-1.793506198989415,0.0,0.0,gaussian
"beta_g['trance','liveness']",-0.840297890777358,0.4365016573784669,-1.6351532352100373,-0.04881096533192339,0.0,0.0,gaussian
"beta_g['trance','valence']",0.2521243880714026,0.6467124401220158,-0.9646991428502896,1.409202242092063,0.0,0.0,gaussian
"beta_g['trance','tempo']",-0.2847441233467342,0.36178241453380555,-1.0538631624665484,0.3529171254985142,0.0,0.0,gaussian
"beta_g['trance','explicit']",-0.3954585765873629,0.8611461833326373,-1.95406192891261,1.1984699287299725,0.0,0.0,gaussian
alpha_g['trip-hop'],33.89228000270689,0.0,32.74618558523947,35.0210384713691,0.0,0.0,gaussian
"beta_g['trip-hop','danceability']",-0.6113553772922041,0.6065071938711617,-1.7380265010594993,0.5450888312419137,0.0,0.0,gaussian
"beta_g['trip-hop','energy']",-3.05671219659204,0.8145245818209169,-4.550401916256679,-1.5166396814717993,0.0,0.0,gaussian
"beta_g['trip-hop','loudness']",2.9437955271323495,0.8681848006932086,1.2849271875055914,4.572288041084364,0.0,0.0,gaussian
"beta_g['trip-hop','speechiness']",-0.6027438191451383,0.46195649830337016,-1.4240702581024736,0.23899634224121322,0.0,0.0,gaussian
"beta_g['trip-hop','acousticness']",-0.2499294347161452,0.6009832026079875,-1.3687044633544938,0.8826226525169972,0.0,0.0,gaussian
"beta_g['trip-hop','instrumentalness']",2.0326465562066094,0.40339624663481544,1.2757511303810933,2.7658500684936667,0.0,0.0,gaussian
"beta_g['trip-hop','liveness']",-0.9637496632089629,0.4117672519743431,-1.7341304748993942,-0.16350228154847546,0.0,0.0,gaussian
"beta_g['trip-hop','valence']",-1.4598980372525225,0.4944241720892825,-2.3431949285971214,-0.5484821814647283,0.0,0.0,gaussian
"beta_g['trip-hop','tempo']",-0.23586411339268526,0.2812430341288699,-0.8163248378530988,0.2406465613642034,0.0,0.0,gaussian
"beta_g['trip-hop','explicit']",1.1245326353451517,0.5899849856445201,-0.011600285686376081,2.2451375140556364,0.0,0.0,gaussian
alpha_g['turkish'],42.090933302706055,0.0,40.755510515142404,43.335866749312295,0.0,0.0,gaussian
"beta_g['turkish','danceability']",0.5273502877661116,0.561557998333199,-0.49514260986272124,1.578790688401429,0.0,0.0,gaussian
"beta_g['turkish','energy']",-0.474613429307206,0.9270150306719045,-2.178211296208399,1.3411859632212204,0.0,0.0,gaussian
"beta_g['turkish','loudness']",0.3456404906834043,0.9028297095989984,-1.3482746069948497,2.0953845273373974,0.0,0.0,gaussian
"beta_g['turkish','speechiness']",-0.047017134556293985,0.3843972552037041,-0.7951246336775392,0.6744329521875427,0.0,0.0,gaussian
"beta_g['turkish','acousticness']",-0.3659626960781466,0.6025061377975021,-1.477929445501268,0.7082781456990203,0.0,0.0,gaussian
"beta_g['turkish','instrumentalness']",2.2047718020197116,1.0197123163316046,0.30556215405901754,4.151556982896392,0.0,0.0,gaussian
"beta_g['turkish','liveness']",-0.3073991668609113,0.4485867843764221,-1.151090940557687,0.5035071263653539,0.0,0.0,gaussian
"beta_g['turkish','valence']",-0.24606659288072236,0.5277752512880162,-1.2795455596760021,0.7411998516836714,0.0,0.0,gaussian
"beta_g['turkish','tempo']",-0.04585434323420748,0.2632101796696077,-0.5321623638676993,0.45652315482740613,0.0,0.0,gaussian
"beta_g['turkish','explicit']",-0.003175321646041515,0.30268086189081056,-0.5409103017373051,0.5918188638259646,0.0,0.0,gaussian
alpha_g['world-music'],40.150117473733815,0.0,38.48355755955942,41.79612154172022,0.0,0.0,gaussian
"beta_g['world-music','danceability']",0.8935299965954137,0.6672260350768348,-0.36779023309464876,2.112341333815987,0.0,0.0,gaussian
"beta_g['world-music','energy']",-1.0653539731988915,0.7735858366258394,-2.581961431846598,0.3952745888531605,0.0,0.0,gaussian
"beta_g['world-music','loudness']",2.4268221253797586,0.7079226412239572,1.1173384689048982,3.7665671013151703,0.0,0.0,gaussian
"beta_g['world-music','speechiness']",0.3416262962433899,0.8236105460441797,-1.2043278785624418,1.8725526297823103,0.0,0.0,gaussian
"beta_g['world-music','acousticness']",-1.6832176527392222,0.6674463616470315,-2.911139412470057,-0.42187898753249736,0.0,0.0,gaussian
"beta_g['world-music','instrumentalness']",-3.415804678810983,0.8697436099023704,-5.039788755971176,-1.7620689967513337,0.0,0.0,gaussian
"beta_g['world-music','liveness']",-0.18485935042072466,0.33597948746307965,-0.7965150810793465,0.43077960186883,0.0,0.0,gaussian
"beta_g['world-music','valence']",-2.676698717695035,0.7150593112035224,-4.050843032598896,-1.2567162456763477,0.0,0.0,gaussian
"beta_g['world-music','tempo']",0.1047604659760121,0.27195323066757143,-0.4038612414234882,0.6611113071936457,0.0,0.0,gaussian
"beta_g['world-music','explicit']",0.5837811522859974,1.2214333731577465,-1.7123810586389123,2.97511974903245,0.0,0.0,gaussian
